training_record_id,employee_id,training_type,assigned_date,due_date,completion_date,training_status,last_updated_date
TRN-00001,EMP-0002,Harassment Prevention,2026-01-15,2026-03-15,2026-03-10,Complete,2026-08-29
TRN-00002,EMP-0002,Data Security,2026-04-01,2026-05-15,2026-04-25,Complete,2026-08-29
TRN-00003,EMP-0003,Harassment Prevention,2026-01-15,2026-03-15,2026-03-05,Complete,2026-08-29
TRN-00004,EMP-0003,Data Security,2026-04-01,2026-05-15,2026-04-24,Complete,2026-08-29
TRN-00005,EMP-0004,Harassment Prevention,2026-01-15,2026-03-15,2026-02-28,Complete,2026-08-29
TRN-00006,EMP-0004,Data Security,2026-04-01,2026-05-15,2026-04-19,Complete,2026-08-29
TRN-00007,EMP-0005,Harassment Prevention,2026-01-15,2026-03-15,2026-02-14,Complete,2026-08-29
TRN-00008,EMP-0006,Harassment Prevention,2026-01-15,2026-03-15,2026-02-09,Complete,2026-08-29
TRN-00009,EMP-0006,Data Security,2026-04-01,2026-05-15,2026-04-19,Complete,2026-08-29
TRN-00010,EMP-0007,Harassment Prevention,2026-01-15,2026-03-15,,Pending,2026-08-29
TRN-00011,EMP-0008,Harassment Prevention,2026-01-15,2026-03-15,,Complete,2026-08-29
TRN-00012,EMP-0011,Harassment Prevention,2026-01-15,2026-03-15,2026-02-18,Complete,2026-08-29
TRN-00013,EMP-0011,Data Security,2026-04-01,2026-05-15,2026-04-21,Complete,2026-08-29
TRN-00014,EMP-0012,Harassment Prevention,2026-01-15,2026-03-15,,Pending,2026-08-29
TRN-00015,EMP-0012,Data Security,2026-04-01,2026-05-15,2026-05-09,Complete,2026-08-29
TRN-00016,EMP-0013,Harassment Prevention,2026-01-15,2026-03-15,2026-03-02,Complete,2026-08-29
TRN-00017,EMP-0013,Data Security,2026-04-01,2026-05-15,2026-04-17,Complete,2026-08-29
TRN-00018,EMP-0014,Harassment Prevention,2026-01-15,2026-03-15,2026-03-01,Complete,2026-08-29
TRN-00019,EMP-0015,Harassment Prevention,2026-01-15,2026-03-15,2026-02-07,Complete,2026-08-29
TRN-00020,EMP-0016,Harassment Prevention,2026-01-15,2026-03-15,2026-02-26,Complete,2026-08-29
TRN-00021,EMP-0016,Data Security,2026-04-01,2026-05-15,2026-04-15,Complete,2026-08-29
TRN-00022,EMP-0017,Harassment Prevention,2026-01-15,2026-03-15,2026-02-07,Complete,2026-08-29
TRN-00023,EMP-0017,Data Security,2026-04-01,2026-05-15,2026-05-02,Complete,2026-08-29
TRN-00024,EMP-0018,Harassment Prevention,2026-01-15,2026-03-15,2026-03-13,Complete,2026-08-29
TRN-00025,EMP-0018,Data Security,2026-04-01,2026-05-15,2026-04-22,Complete,2026-08-29
TRN-00026,EMP-0019,Harassment Prevention,2026-01-15,2026-03-15,2026-02-05,Complete,2026-08-29
TRN-00027,EMP-0020,Harassment Prevention,2026-01-15,2026-03-15,2026-02-27,Complete,2026-08-29
TRN-00028,EMP-0020,Data Security,2026-04-01,2026-05-15,2026-04-18,Complete,2026-08-29
TRN-00029,EMP-0021,Harassment Prevention,2026-01-15,2026-03-15,2026-03-09,Complete,2026-08-29
TRN-00030,EMP-0023,Harassment Prevention,2026-01-15,2026-03-15,,Pending,2026-08-29
TRN-00031,EMP-0023,Data Security,2026-04-01,2026-05-15,2026-04-20,Complete,2026-08-29
TRN-00032,EMP-0024,Harassment Prevention,2026-01-15,2026-03-15,2026-03-04,Complete,2026-08-29
TRN-00033,EMP-0025,Harassment Prevention,2026-01-15,2026-03-15,,Pending,2026-08-29
TRN-00034,EMP-0025,Data Security,2026-04-01,2026-05-15,2026-05-12,Complete,2026-08-29
TRN-00035,EMP-0027,Harassment Prevention,2026-01-15,2026-03-15,2026-02-18,Complete,2026-08-29
TRN-00036,EMP-0028,Harassment Prevention,2026-01-15,2026-03-15,2026-02-24,Complete,2026-08-29
TRN-00037,EMP-0028,Data Security,2026-04-01,2026-05-15,2026-04-19,Complete,2026-08-29
TRN-00038,EMP-0030,Harassment Prevention,2026-01-15,2026-03-15,2026-02-26,Complete,2026-08-29
TRN-00039,EMP-0030,Data Security,2026-04-01,2026-05-15,2026-05-08,Complete,2026-08-29
TRN-00040,EMP-0031,Harassment Prevention,2026-01-15,2026-03-15,2026-02-04,Complete,2026-08-29
TRN-00041,EMP-0031,Data Security,2026-04-01,2026-05-15,2026-04-15,Complete,2026-08-29
TRN-00042,EMP-0032,Harassment Prevention,2026-01-15,2026-03-15,2026-02-03,Complete,2026-08-29
TRN-00043,EMP-0033,Harassment Prevention,2026-01-15,2026-03-15,2026-02-16,Complete,2026-08-29
TRN-00044,EMP-0034,Harassment Prevention,2026-01-15,2026-03-15,2026-02-17,Complete,2026-08-29
TRN-00045,EMP-0035,Harassment Prevention,2026-01-15,2026-03-15,2026-02-20,Complete,2026-08-29
TRN-00046,EMP-0038,Harassment Prevention,2026-01-15,2026-03-15,,Pending,2026-08-29
TRN-00047,EMP-0039,Harassment Prevention,2026-01-15,2026-03-15,2026-02-15,Complete,2026-08-29
TRN-00048,EMP-0040,Harassment Prevention,2026-01-15,2026-03-15,2026-02-04,Complete,2026-08-29
TRN-00049,EMP-0040,Data Security,2026-04-01,2026-05-15,2026-04-15,Complete,2026-08-29
TRN-00050,EMP-0042,Harassment Prevention,2026-01-15,2026-03-15,2026-03-02,Complete,2026-08-29
TRN-00051,EMP-0043,Harassment Prevention,2026-01-15,2026-03-15,2026-02-20,Complete,2026-08-29
TRN-00052,EMP-0043,Data Security,2026-04-01,2026-05-15,2026-05-14,Complete,2026-08-29
TRN-00053,EMP-0046,Harassment Prevention,2026-01-15,2026-03-15,2026-02-25,Complete,2026-08-29
TRN-00054,EMP-0048,Harassment Prevention,2026-01-15,2026-03-15,2026-02-22,Complete,2026-08-29
TRN-00055,EMP-0048,Data Security,2026-04-01,2026-05-15,2026-04-25,Complete,2026-08-29
TRN-00056,EMP-0049,Harassment Prevention,2026-01-15,2026-03-15,2026-02-20,Pending,2026-08-29
TRN-00057,EMP-0049,Data Security,2026-04-01,2026-05-15,2026-04-15,Complete,2026-08-29
TRN-00058,EMP-0050,Harassment Prevention,2026-01-15,2026-03-15,2026-02-15,Complete,2026-08-29
TRN-00059,EMP-0050,Data Security,2026-04-01,2026-05-15,2026-04-21,Complete,2026-08-29
TRN-00060,EMP-0051,Harassment Prevention,2026-01-15,2026-03-15,2026-03-13,Complete,2026-08-29
TRN-00061,EMP-0051,Data Security,2026-04-01,2026-05-15,2026-04-30,Complete,2026-08-29
TRN-00062,EMP-0052,Harassment Prevention,2026-01-15,2026-03-15,2026-02-24,Complete,2026-08-29
TRN-00063,EMP-0053,Harassment Prevention,2026-01-15,2026-03-15,2026-02-09,Complete,2026-08-29
TRN-00064,EMP-0053,Data Security,2026-04-01,2026-05-15,2026-04-20,Complete,2026-08-29
TRN-00065,EMP-0054,Harassment Prevention,2026-01-15,2026-03-15,,Pending,2026-08-29
TRN-00066,EMP-0054,Data Security,2026-04-01,2026-05-15,2026-04-19,Complete,2026-08-29
TRN-00067,EMP-0056,Harassment Prevention,2026-01-15,2026-03-15,2026-02-14,Complete,2026-08-29
TRN-00068,EMP-0056,Data Security,2026-04-01,2026-05-15,2026-05-07,Complete,2026-08-29
TRN-00069,EMP-0057,Harassment Prevention,2026-01-15,2026-03-15,2026-02-27,Complete,2026-08-29
TRN-00070,EMP-0059,Harassment Prevention,2026-01-15,2026-03-15,2026-02-22,Complete,2026-08-29
TRN-00071,EMP-0059,Data Security,2026-04-01,2026-05-15,2026-04-22,Complete,2026-08-29
TRN-00072,EMP-0060,Harassment Prevention,2026-01-15,2026-03-15,2026-03-03,Complete,2026-08-29
TRN-00073,EMP-0060,Data Security,2026-04-01,2026-05-15,2026-04-23,Complete,2026-08-29
TRN-00074,EMP-0062,Harassment Prevention,2026-01-15,2026-03-15,2026-02-09,Complete,2026-08-29
TRN-00075,EMP-0062,Data Security,2026-04-01,2026-05-15,2026-05-04,Complete,2026-08-29
TRN-00076,EMP-0063,Harassment Prevention,2026-01-15,2026-03-15,2026-02-22,Complete,2026-08-29
TRN-00077,EMP-0064,Harassment Prevention,2026-01-15,2026-03-15,2026-03-06,Complete,2026-08-29
TRN-00078,EMP-0064,Data Security,2026-04-01,2026-05-15,2026-05-09,Complete,2026-08-29
TRN-00079,EMP-0065,Harassment Prevention,2026-01-15,2026-03-15,2026-03-12,Complete,2026-08-29
TRN-00080,EMP-0065,Data Security,2026-04-01,2026-05-15,2026-04-21,Complete,2026-08-29
TRN-00081,EMP-0066,Harassment Prevention,2026-01-15,2026-03-15,2026-02-21,Complete,2026-08-29
TRN-00082,EMP-0067,Harassment Prevention,2026-01-15,2026-03-15,2026-02-18,Complete,2026-08-29
TRN-00083,EMP-0068,Harassment Prevention,2026-01-15,2026-03-15,2026-02-14,Complete,2026-08-29
TRN-00084,EMP-0068,Data Security,2026-04-01,2026-05-15,2026-05-07,Complete,2026-08-29
TRN-00085,EMP-0069,Harassment Prevention,2026-01-15,2026-03-15,2026-02-20,Complete,2026-08-29
TRN-00086,EMP-0069,Data Security,2026-04-01,2026-05-15,2026-04-29,Complete,2026-08-29
TRN-00087,EMP-0070,Harassment Prevention,2026-01-15,2026-03-15,2026-03-11,Complete,2026-08-29
TRN-00088,EMP-0070,Data Security,2026-04-01,2026-05-15,2026-05-02,Complete,2026-08-29
TRN-00089,EMP-0071,Harassment Prevention,2026-01-15,2026-03-15,2026-03-03,Complete,2026-08-29
TRN-00090,EMP-0071,Data Security,2026-04-01,2026-05-15,2026-05-02,Complete,2026-08-29
TRN-00091,EMP-0072,Harassment Prevention,2026-01-15,2026-03-15,2026-02-16,Complete,2026-08-29
TRN-00092,EMP-0072,Data Security,2026-04-01,2026-05-15,2026-05-11,Complete,2026-08-29
TRN-00093,EMP-0073,Harassment Prevention,2026-01-15,2026-03-15,2026-02-03,Complete,2026-08-29
TRN-00094,EMP-0073,Data Security,2026-04-01,2026-05-15,2026-04-16,Complete,2026-08-29
TRN-00095,EMP-0074,Harassment Prevention,2026-01-15,2026-03-15,2026-02-22,Complete,2026-08-29
TRN-00096,EMP-0074,Data Security,2026-04-01,2026-05-15,2026-05-05,Complete,2026-08-29
TRN-00097,EMP-0075,Harassment Prevention,2026-01-15,2026-03-15,2026-02-12,Complete,2026-08-29
TRN-00098,EMP-0076,Harassment Prevention,2026-01-15,2026-03-15,2026-02-05,Complete,2026-08-29
TRN-00099,EMP-0076,Data Security,2026-04-01,2026-05-15,2026-05-12,Complete,2026-08-29
TRN-00100,EMP-0077,Harassment Prevention,2026-01-15,2026-03-15,2026-03-14,Complete,2026-08-29
TRN-00101,EMP-0077,Data Security,2026-04-01,2026-05-15,2026-04-20,Complete,2026-08-29
TRN-00102,EMP-0079,Harassment Prevention,2026-01-15,2026-03-15,,Pending,2026-08-29
TRN-00103,EMP-0079,Data Security,2026-04-01,2026-05-15,2026-04-19,Complete,2026-08-29
TRN-00104,EMP-0080,Harassment Prevention,2026-01-15,2026-03-15,,Pending,2026-08-29
TRN-00105,EMP-0080,Data Security,2026-04-01,2026-05-15,2026-04-15,Complete,2026-08-29
TRN-00106,EMP-0081,Harassment Prevention,2026-01-15,2026-03-15,2026-02-27,Complete,2026-08-29
TRN-00107,EMP-0081,Data Security,2026-04-01,2026-05-15,2026-05-05,Complete,2026-08-29
TRN-00108,EMP-0082,Harassment Prevention,2026-01-15,2026-03-15,2026-03-03,Complete,2026-08-29
TRN-00109,EMP-0082,Data Security,2026-04-01,2026-05-15,2026-05-14,Complete,2026-08-29
TRN-00110,EMP-0083,Harassment Prevention,2026-01-15,2026-03-15,2026-02-26,Complete,2026-08-29
TRN-00111,EMP-0084,Harassment Prevention,2026-01-15,2026-03-15,2026-02-03,Complete,2026-08-29
TRN-00112,EMP-0085,Harassment Prevention,2026-01-15,2026-03-15,2026-02-19,Complete,2026-08-29
TRN-00113,EMP-0086,Harassment Prevention,2026-01-15,2026-03-15,2026-03-12,Complete,2026-08-29
TRN-00114,EMP-0087,Harassment Prevention,2026-01-15,2026-03-15,2026-03-04,Complete,2026-08-29
TRN-00115,EMP-0087,Data Security,2026-04-01,2026-05-15,2026-04-17,Complete,2026-08-29
TRN-00116,EMP-0088,Harassment Prevention,2026-01-15,2026-03-15,,Pending,2026-08-29
TRN-00117,EMP-0088,Data Security,2026-04-01,2026-05-15,2026-04-18,Complete,2026-08-29
TRN-00118,EMP-0089,Harassment Prevention,2026-01-15,2026-03-15,2026-02-19,Complete,2026-08-29
TRN-00119,EMP-0089,Data Security,2026-04-01,2026-05-15,2026-05-06,Complete,2026-08-29
TRN-00120,EMP-0090,Harassment Prevention,2026-01-15,2026-03-15,2026-02-18,Complete,2026-08-29
TRN-00121,EMP-0091,Harassment Prevention,2026-01-15,2026-03-15,2026-04-20,Complete,2026-08-29
TRN-00122,EMP-0092,Harassment Prevention,2026-01-15,2026-03-15,2026-02-08,Complete,2026-08-29
TRN-00123,EMP-0092,Data Security,2026-04-01,2026-05-15,2026-04-25,Complete,2026-08-29
TRN-00124,EMP-0093,Harassment Prevention,2026-01-15,2026-03-15,2026-02-20,Complete,2026-08-29
TRN-00125,EMP-0093,Data Security,2026-04-01,2026-05-15,2026-05-02,Complete,2026-08-29
TRN-00126,EMP-0094,Harassment Prevention,2026-01-15,2026-03-15,2026-02-22,Complete,2026-08-29
TRN-00127,EMP-0094,Data Security,2026-04-01,2026-05-15,2026-05-14,Complete,2026-08-29
TRN-00128,EMP-0095,Harassment Prevention,2026-01-15,2026-03-15,2026-03-04,Complete,2026-08-29
TRN-00129,EMP-0095,Data Security,2026-04-01,2026-05-15,2026-04-29,Complete,2026-08-29
TRN-00130,EMP-0096,Harassment Prevention,2026-01-15,2026-03-15,2026-02-24,Complete,2026-08-29
TRN-00131,EMP-0098,Harassment Prevention,2026-01-15,2026-03-15,2026-03-04,Complete,2026-08-29
TRN-00132,EMP-0098,Data Security,2026-04-01,2026-05-15,2026-05-12,Complete,2026-08-29
TRN-00133,EMP-0099,Harassment Prevention,2026-01-15,2026-03-15,2026-02-13,Complete,2026-08-29
TRN-00134,EMP-0100,Harassment Prevention,2026-01-15,2026-03-15,2026-02-28,Complete,2026-08-29
TRN-00135,EMP-0101,Harassment Prevention,2026-01-15,2026-03-15,2026-03-04,Complete,2026-08-29
TRN-00136,EMP-0102,Harassment Prevention,2026-01-15,2026-03-15,,Pending,2026-08-29
TRN-00137,EMP-0103,Harassment Prevention,2026-01-15,2026-03-15,2026-02-09,Complete,2026-08-29
TRN-00138,EMP-0104,Harassment Prevention,2026-01-15,2026-03-15,2026-02-10,Complete,2026-08-29
TRN-00139,EMP-0104,Data Security,2026-04-01,2026-05-15,2026-05-04,Complete,2026-08-29
TRN-00140,EMP-0105,Harassment Prevention,2026-01-15,2026-03-15,2026-03-10,Complete,2026-08-29
TRN-00141,EMP-0105,Data Security,2026-04-01,2026-05-15,2026-04-19,Complete,2026-08-29
TRN-00142,EMP-0106,Harassment Prevention,2026-01-15,2026-03-15,,Pending,2026-08-29
TRN-00143,EMP-0107,Harassment Prevention,2026-01-15,2026-03-15,2026-02-15,Complete,2026-08-29
TRN-00144,EMP-0108,Harassment Prevention,2026-01-15,2026-03-15,2026-02-07,Complete,2026-08-29
TRN-00145,EMP-0109,Harassment Prevention,2026-01-15,2026-03-15,2026-02-23,Complete,2026-08-29
TRN-00146,EMP-0109,Data Security,2026-04-01,2026-05-15,2026-04-22,Complete,2026-08-29
TRN-00147,EMP-0110,Harassment Prevention,2026-01-15,2026-03-15,2026-02-17,Complete,2026-08-29
TRN-00148,EMP-0111,Harassment Prevention,2026-01-15,2026-03-15,2026-02-21,Complete,2026-08-29
TRN-00149,EMP-0111,Data Security,2026-04-01,2026-05-15,2026-04-20,Complete,2026-08-29
TRN-00150,EMP-0112,Harassment Prevention,2026-01-15,2026-03-15,2026-02-12,Complete,2026-08-29
TRN-00151,EMP-0112,Data Security,2026-04-01,2026-05-15,2026-05-05,Complete,2026-08-29
TRN-00152,EMP-0113,Harassment Prevention,2026-01-15,2026-03-15,2026-02-14,Complete,2026-08-29
TRN-00153,EMP-0113,Data Security,2026-04-01,2026-05-15,2026-05-07,Complete,2026-08-29
TRN-00154,EMP-0114,Harassment Prevention,2026-01-15,2026-03-15,2026-02-18,Complete,2026-08-29
TRN-00155,EMP-0114,Data Security,2026-04-01,2026-05-15,2026-05-03,Complete,2026-08-29
TRN-00156,EMP-0115,Harassment Prevention,2026-01-15,2026-03-15,2026-02-18,Complete,2026-08-29
TRN-00157,EMP-0115,Data Security,2026-04-01,2026-05-15,2026-05-06,Complete,2026-08-29
TRN-00158,EMP-0116,Harassment Prevention,2026-01-15,2026-03-15,2026-02-06,Complete,2026-08-29
TRN-00159,EMP-0116,Data Security,2026-04-01,2026-05-15,2026-05-14,Complete,2026-08-29
TRN-00160,EMP-0118,Harassment Prevention,2026-01-15,2026-03-15,2026-02-14,Complete,2026-08-29
TRN-00161,EMP-0118,Data Security,2026-04-01,2026-05-15,2026-04-24,Complete,2026-08-29
TRN-00162,EMP-0119,Harassment Prevention,2026-01-15,2026-03-15,,Pending,2026-08-29
TRN-00163,EMP-0119,Data Security,2026-04-01,2026-05-15,2026-05-02,Complete,2026-08-29
TRN-00164,EMP-0120,Harassment Prevention,2026-01-15,2026-03-15,2026-03-09,Complete,2026-08-29
TRN-00165,EMP-0121,Harassment Prevention,2026-01-15,2026-03-15,2026-03-14,Complete,2026-08-29
TRN-00166,EMP-0121,Data Security,2026-04-01,2026-05-15,2026-05-11,Complete,2026-08-29
TRN-00167,EMP-0124,Harassment Prevention,2026-01-15,2026-03-15,2026-03-12,Complete,2026-08-29
TRN-00168,EMP-0124,Data Security,2026-04-01,2026-05-15,2026-05-11,Complete,2026-08-29
TRN-00169,EMP-0125,Harassment Prevention,2026-01-15,2026-03-15,2026-02-28,Complete,2026-08-29
TRN-00170,EMP-0125,Data Security,2026-04-01,2026-05-15,2026-05-08,Complete,2026-08-29
TRN-00171,EMP-0126,Harassment Prevention,2026-01-15,2026-03-15,2026-02-23,Complete,2026-08-29
TRN-00172,EMP-0126,Data Security,2026-04-01,2026-05-15,2026-05-04,Complete,2026-08-29
TRN-00173,EMP-0127,Harassment Prevention,2026-01-15,2026-03-15,2026-02-06,Complete,2026-08-29
TRN-00174,EMP-0129,Harassment Prevention,2026-01-15,2026-03-15,2026-03-14,Complete,2026-08-29
TRN-00175,EMP-0130,Harassment Prevention,2026-01-15,2026-03-15,2026-03-04,Complete,2026-08-29
TRN-00176,EMP-0130,Data Security,2026-04-01,2026-05-15,2026-05-12,Complete,2026-08-29
TRN-00177,EMP-0131,Harassment Prevention,2026-01-15,2026-03-15,2026-03-14,Complete,2026-08-29
TRN-00178,EMP-0131,Data Security,2026-04-01,2026-05-15,2026-05-12,Complete,2026-08-29
TRN-00179,EMP-0132,Harassment Prevention,2026-01-15,2026-03-15,2026-02-26,Complete,2026-08-29
TRN-00180,EMP-0132,Data Security,2026-04-01,2026-05-15,2026-05-02,Complete,2026-08-29
TRN-00181,EMP-0134,Harassment Prevention,2026-01-15,2026-03-15,2026-03-02,Complete,2026-08-29
TRN-00182,EMP-0134,Data Security,2026-04-01,2026-05-15,2026-04-23,Complete,2026-08-29
TRN-00183,EMP-0135,Harassment Prevention,2026-01-15,2026-03-15,2026-02-28,Complete,2026-08-29
TRN-00184,EMP-0135,Data Security,2026-04-01,2026-05-15,2026-04-21,Complete,2026-08-29
TRN-00185,EMP-0136,Harassment Prevention,2026-01-15,2026-03-15,2026-03-13,Complete,2026-08-29
TRN-00186,EMP-0136,Data Security,2026-04-01,2026-05-15,2026-04-15,Complete,2026-08-29
TRN-00187,EMP-0137,Harassment Prevention,2026-01-15,2026-03-15,2026-02-23,Complete,2026-08-29
TRN-00188,EMP-0138,Harassment Prevention,2026-01-15,2026-03-15,2026-02-22,Complete,2026-08-29
TRN-00189,EMP-0139,Harassment Prevention,2026-01-15,2026-03-15,2026-02-09,Complete,2026-08-29
TRN-00190,EMP-0139,Data Security,2026-04-01,2026-05-15,2026-05-08,Complete,2026-08-29
TRN-00191,EMP-0141,Harassment Prevention,2026-01-15,2026-03-15,2026-03-07,Complete,2026-08-29
TRN-00192,EMP-0141,Data Security,2026-04-01,2026-05-15,2026-05-13,Complete,2026-08-29
TRN-00193,EMP-0142,Harassment Prevention,2026-01-15,2026-03-15,2026-02-23,Complete,2026-08-29
TRN-00194,EMP-0143,Harassment Prevention,2026-01-15,2026-03-15,2026-03-06,Complete,2026-08-29
TRN-00195,EMP-0145,Harassment Prevention,2026-01-15,2026-03-15,2026-02-25,Complete,2026-08-29
TRN-00196,EMP-0146,Harassment Prevention,2026-01-15,2026-03-15,2026-02-21,Complete,2026-08-29
TRN-00197,EMP-0146,Data Security,2026-04-01,2026-05-15,2026-05-14,Complete,2026-08-29
TRN-00198,EMP-0147,Harassment Prevention,2026-01-15,2026-03-15,2026-03-05,Complete,2026-08-29
TRN-00199,EMP-0149,Harassment Prevention,2026-01-15,2026-03-15,2026-03-04,Complete,2026-08-29
TRN-00200,EMP-0150,Harassment Prevention,2026-01-15,2026-03-15,2026-02-03,Complete,2026-08-29
TRN-00201,EMP-0151,Harassment Prevention,2026-01-15,2026-03-15,,Pending,2026-08-29
TRN-00202,EMP-0151,Data Security,2026-04-01,2026-05-15,2026-04-25,Complete,2026-08-29
TRN-00203,EMP-0152,Harassment Prevention,2026-01-15,2026-03-15,,Pending,2026-08-29
TRN-00204,EMP-0154,Harassment Prevention,2026-01-15,2026-03-15,2026-02-19,Complete,2026-08-29
TRN-00205,EMP-0155,Harassment Prevention,2026-01-15,2026-03-15,2026-03-11,Complete,2026-08-29
TRN-00206,EMP-0156,Harassment Prevention,2026-01-15,2026-03-15,2026-02-14,Complete,2026-08-29
TRN-00207,EMP-0156,Data Security,2026-04-01,2026-05-15,2026-04-21,Complete,2026-08-29
TRN-00208,EMP-0157,Harassment Prevention,2026-01-15,2026-03-15,2026-03-02,Complete,2026-08-29
TRN-00209,EMP-0157,Data Security,2026-04-01,2026-05-15,2026-05-04,Complete,2026-08-29
TRN-00210,EMP-0158,Harassment Prevention,2026-01-15,2026-03-15,2026-03-10,Complete,2026-08-29
TRN-00211,EMP-0158,Data Security,2026-04-01,2026-05-15,2026-05-03,Complete,2026-08-29
TRN-00212,EMP-0159,Harassment Prevention,2026-01-15,2026-03-15,2026-02-21,Complete,2026-08-29
TRN-00213,EMP-0159,Data Security,2026-04-01,2026-05-15,2026-05-06,Complete,2026-08-29
TRN-00214,EMP-0160,Harassment Prevention,2026-01-15,2026-03-15,2026-02-07,Complete,2026-08-29
TRN-00215,EMP-0161,Harassment Prevention,2026-01-15,2026-03-15,2026-02-17,Complete,2026-08-29
TRN-00216,EMP-0161,Data Security,2026-04-01,2026-05-15,2026-04-28,Complete,2026-08-29
TRN-00217,EMP-0163,Harassment Prevention,2026-01-15,2026-03-15,,Pending,2026-08-29
TRN-00218,EMP-0164,Harassment Prevention,2026-01-15,2026-03-15,2026-03-14,Complete,2026-08-29
TRN-00219,EMP-0165,Harassment Prevention,2026-01-15,2026-03-15,2026-02-05,Complete,2026-08-29
TRN-00220,EMP-0166,Harassment Prevention,2026-01-15,2026-03-15,,Pending,2026-08-29
TRN-00221,EMP-0167,Harassment Prevention,2026-01-15,2026-03-15,2026-02-10,Complete,2026-08-29
TRN-00222,EMP-0168,Harassment Prevention,2026-01-15,2026-03-15,2026-02-26,Complete,2026-08-29
TRN-00223,EMP-0168,Data Security,2026-04-01,2026-05-15,2026-04-21,Complete,2026-08-29
TRN-00224,EMP-0169,Harassment Prevention,2026-01-15,2026-03-15,2026-02-05,Complete,2026-08-29
TRN-00225,EMP-0170,Harassment Prevention,2026-01-15,2026-03-15,2026-02-05,Complete,2026-08-29
TRN-00226,EMP-0170,Data Security,2026-04-01,2026-05-15,2026-04-27,Complete,2026-08-29
TRN-00227,EMP-0171,Harassment Prevention,2026-01-15,2026-03-15,2026-03-01,Complete,2026-08-29
TRN-00228,EMP-0171,Data Security,2026-04-01,2026-05-15,2026-04-22,Complete,2026-08-29
TRN-00229,EMP-0172,Harassment Prevention,2026-01-15,2026-03-15,2026-02-12,Complete,2026-08-29
TRN-00230,EMP-0173,Harassment Prevention,2026-01-15,2026-03-15,2026-02-23,Complete,2026-08-29
TRN-00231,EMP-0173,Data Security,2026-04-01,2026-05-15,2026-04-16,Complete,2026-08-29
TRN-00232,EMP-0174,Harassment Prevention,2026-01-15,2026-03-15,2026-02-21,Complete,2026-08-29
TRN-00233,EMP-0174,Data Security,2026-04-01,2026-05-15,2026-05-06,Complete,2026-08-29
TRN-00234,EMP-0176,Harassment Prevention,2026-01-15,2026-03-15,2026-02-13,Complete,2026-08-29
TRN-00235,EMP-0177,Harassment Prevention,2026-01-15,2026-03-15,2026-03-09,Complete,2026-08-29
TRN-00236,EMP-0177,Data Security,2026-04-01,2026-05-15,2026-04-22,Complete,2026-08-29
TRN-00237,EMP-0178,Harassment Prevention,2026-01-15,2026-03-15,2026-02-05,Complete,2026-08-29
TRN-00238,EMP-0178,Data Security,2026-04-01,2026-05-15,2026-05-13,Complete,2026-08-29
TRN-00239,EMP-0180,Harassment Prevention,2026-01-15,2026-03-15,2026-02-27,Complete,2026-08-29
TRN-00240,EMP-0180,Data Security,2026-04-01,2026-05-15,2026-04-27,Complete,2026-08-29
TRN-00241,EMP-0181,Harassment Prevention,2026-01-15,2026-03-15,2026-02-06,Complete,2026-08-29
TRN-00242,EMP-0181,Data Security,2026-04-01,2026-05-15,2026-04-21,Complete,2026-08-29
TRN-00243,EMP-0182,Harassment Prevention,2026-01-15,2026-03-15,2026-02-10,Complete,2026-08-29
TRN-00244,EMP-0182,Data Security,2026-04-01,2026-05-15,2026-04-30,Complete,2026-08-29
TRN-00245,EMP-0183,Harassment Prevention,2026-01-15,2026-03-15,,Pending,2026-08-29
TRN-00246,EMP-0183,Data Security,2026-04-01,2026-05-15,2026-05-12,Complete,2026-08-29
TRN-00247,EMP-0184,Harassment Prevention,2026-01-15,2026-03-15,2026-02-08,Complete,2026-08-29
TRN-00248,EMP-0184,Data Security,2026-04-01,2026-05-15,2026-04-27,Complete,2026-08-29
TRN-00249,EMP-0187,Harassment Prevention,2026-01-15,2026-03-15,2026-02-12,Complete,2026-08-29
TRN-00250,EMP-0188,Harassment Prevention,2026-01-15,2026-03-15,2026-02-11,Complete,2026-08-29
TRN-00251,EMP-0188,Data Security,2026-04-01,2026-05-15,2026-04-27,Complete,2026-08-29
TRN-00252,EMP-0189,Harassment Prevention,2026-01-15,2026-03-15,2026-02-16,Complete,2026-08-29
TRN-00253,EMP-0190,Harassment Prevention,2026-01-15,2026-03-15,2026-02-09,Complete,2026-08-29
TRN-00254,EMP-0191,Harassment Prevention,2026-01-15,2026-03-15,2026-02-24,Complete,2026-08-29
TRN-00255,EMP-0191,Data Security,2026-04-01,2026-05-15,2026-05-09,Complete,2026-08-29
TRN-00256,EMP-0192,Harassment Prevention,2026-01-15,2026-03-15,2026-02-09,Complete,2026-08-29
TRN-00257,EMP-0193,Harassment Prevention,2026-01-15,2026-03-15,2026-03-12,Complete,2026-08-29
TRN-00258,EMP-0194,Harassment Prevention,2026-01-15,2026-03-15,2026-03-09,Complete,2026-08-29
TRN-00259,EMP-0195,Harassment Prevention,2026-01-15,2026-03-15,2026-02-20,Complete,2026-08-29
TRN-00260,EMP-0195,Data Security,2026-04-01,2026-05-15,2026-04-27,Complete,2026-08-29
TRN-00261,EMP-0196,Harassment Prevention,2026-01-15,2026-03-15,2026-03-03,Complete,2026-08-29
TRN-00262,EMP-0196,Data Security,2026-04-01,2026-05-15,2026-05-08,Complete,2026-08-29
TRN-00263,EMP-0197,Harassment Prevention,2026-01-15,2026-03-15,2026-02-05,Complete,2026-08-29
TRN-00264,EMP-0198,Harassment Prevention,2026-01-15,2026-03-15,2026-03-03,Complete,2026-08-29
TRN-00265,EMP-0198,Data Security,2026-04-01,2026-05-15,2026-05-03,Complete,2026-08-29
TRN-00266,EMP-0199,Harassment Prevention,2026-01-15,2026-03-15,2026-02-28,Complete,2026-08-29
TRN-00267,EMP-0201,Harassment Prevention,2026-01-15,2026-03-15,2026-02-24,Complete,2026-08-29
TRN-00268,EMP-0201,Data Security,2026-04-01,2026-05-15,2026-04-24,Complete,2026-08-29
TRN-00269,EMP-0202,Harassment Prevention,2026-01-15,2026-03-15,2026-02-09,Complete,2026-08-29
TRN-00270,EMP-0202,Data Security,2026-04-01,2026-05-15,2026-04-30,Complete,2026-08-29
TRN-00271,EMP-0203,Harassment Prevention,2026-01-15,2026-03-15,2026-02-15,Complete,2026-08-29
TRN-00272,EMP-0204,Harassment Prevention,2026-01-15,2026-03-15,2026-03-13,Complete,2026-08-29
TRN-00273,EMP-0204,Data Security,2026-04-01,2026-05-15,2026-04-18,Complete,2026-08-29
TRN-00274,EMP-0205,Harassment Prevention,2026-01-15,2026-03-15,2026-02-17,Complete,2026-08-29
TRN-00275,EMP-0205,Data Security,2026-04-01,2026-05-15,2026-05-03,Complete,2026-08-29
TRN-00276,EMP-0206,Harassment Prevention,2026-01-15,2026-03-15,2026-02-03,Complete,2026-08-29
TRN-00277,EMP-0206,Data Security,2026-04-01,2026-05-15,2026-04-26,Complete,2026-08-29
TRN-00278,EMP-0207,Harassment Prevention,2026-01-15,2026-03-15,2026-02-25,Complete,2026-08-29
TRN-00279,EMP-0208,Harassment Prevention,2026-01-15,2026-03-15,2026-02-06,Complete,2026-08-29
TRN-00280,EMP-0208,Data Security,2026-04-01,2026-05-15,2026-04-24,Complete,2026-08-29
TRN-00281,EMP-0209,Harassment Prevention,2026-01-15,2026-03-15,2026-03-09,Complete,2026-08-29
TRN-00282,EMP-0209,Data Security,2026-04-01,2026-05-15,2026-04-30,Complete,2026-08-29
TRN-00283,EMP-0210,Harassment Prevention,2026-01-15,2026-03-15,2026-03-02,Complete,2026-08-29
TRN-00284,EMP-0210,Data Security,2026-04-01,2026-05-15,2026-05-06,Complete,2026-08-29
TRN-00285,EMP-0211,Harassment Prevention,2026-01-15,2026-03-15,2026-02-26,Complete,2026-08-29
TRN-00286,EMP-0212,Harassment Prevention,2026-01-15,2026-03-15,,Pending,2026-08-29
TRN-00287,EMP-0213,Harassment Prevention,2026-01-15,2026-03-15,2026-03-04,Complete,2026-08-29
TRN-00288,EMP-0213,Data Security,2026-04-01,2026-05-15,2026-04-29,Complete,2026-08-29
TRN-00289,EMP-0214,Harassment Prevention,2026-01-15,2026-03-15,2026-02-07,Complete,2026-08-29
TRN-00290,EMP-0215,Harassment Prevention,2026-01-15,2026-03-15,2026-02-28,Complete,2026-08-29
TRN-00291,EMP-0215,Data Security,2026-04-01,2026-05-15,2026-05-04,Complete,2026-08-29
TRN-00292,EMP-0216,Harassment Prevention,2026-01-15,2026-03-15,2026-02-06,Complete,2026-08-29
TRN-00293,EMP-0216,Data Security,2026-04-01,2026-05-15,2026-04-28,Complete,2026-08-29
TRN-00294,EMP-0217,Harassment Prevention,2026-01-15,2026-03-15,2026-02-23,Complete,2026-08-29
TRN-00295,EMP-0218,Harassment Prevention,2026-01-15,2026-03-15,,Pending,2026-08-29
TRN-00296,EMP-0219,Harassment Prevention,2026-01-15,2026-03-15,2026-03-10,Complete,2026-08-29
TRN-00297,EMP-0220,Harassment Prevention,2026-01-15,2026-03-15,2026-02-26,Complete,2026-08-29
TRN-00298,EMP-0220,Data Security,2026-04-01,2026-05-15,2026-05-05,Complete,2026-08-29
TRN-00299,EMP-0221,Harassment Prevention,2026-01-15,2026-03-15,2026-02-09,Complete,2026-08-29
TRN-00300,EMP-0222,Harassment Prevention,2026-01-15,2026-03-15,,Pending,2026-08-29
TRN-00301,EMP-0223,Harassment Prevention,2026-01-15,2026-03-15,2026-02-28,Complete,2026-08-29
TRN-00302,EMP-0223,Data Security,2026-04-01,2026-05-15,2026-05-14,Complete,2026-08-29
TRN-00303,EMP-0224,Harassment Prevention,2026-01-15,2026-03-15,2026-02-14,Complete,2026-08-29
TRN-00304,EMP-0225,Harassment Prevention,2026-01-15,2026-03-15,,Pending,2026-08-29
TRN-00305,EMP-0226,Harassment Prevention,2026-01-15,2026-03-15,2026-02-21,Complete,2026-08-29
TRN-00306,EMP-0226,Data Security,2026-04-01,2026-05-15,2026-04-28,Complete,2026-08-29
TRN-00307,EMP-0227,Harassment Prevention,2026-01-15,2026-03-15,2026-02-19,Complete,2026-08-29
TRN-00308,EMP-0227,Data Security,2026-04-01,2026-05-15,2026-04-24,Complete,2026-08-29
TRN-00309,EMP-0228,Harassment Prevention,2026-01-15,2026-03-15,2026-03-14,Complete,2026-08-29
TRN-00310,EMP-0228,Data Security,2026-04-01,2026-05-15,2026-05-12,Complete,2026-08-29
TRN-00311,EMP-0229,Harassment Prevention,2026-01-15,2026-03-15,2026-02-18,Complete,2026-08-29
TRN-00312,EMP-0229,Data Security,2026-04-01,2026-05-15,2026-05-10,Complete,2026-08-29
TRN-00313,EMP-0232,Harassment Prevention,2026-01-15,2026-03-15,2026-02-11,Complete,2026-08-29
TRN-00314,EMP-0232,Data Security,2026-04-01,2026-05-15,2026-05-11,Complete,2026-08-29
TRN-00315,EMP-0233,Harassment Prevention,2026-01-15,2026-03-15,2026-02-20,Complete,2026-08-29
TRN-00316,EMP-0233,Data Security,2026-04-01,2026-05-15,2026-04-25,Complete,2026-08-29
TRN-00317,EMP-0234,Harassment Prevention,2026-01-15,2026-03-15,2026-02-14,Complete,2026-08-29
TRN-00318,EMP-0235,Harassment Prevention,2026-01-15,2026-03-15,2026-03-10,Complete,2026-08-29
TRN-00319,EMP-0235,Data Security,2026-04-01,2026-05-15,2026-05-01,Complete,2026-08-29
TRN-00320,EMP-0236,Harassment Prevention,2026-01-15,2026-03-15,2026-02-22,Complete,2026-08-29
TRN-00321,EMP-0237,Harassment Prevention,2026-01-15,2026-03-15,2026-03-14,Complete,2026-08-29
TRN-00322,EMP-0238,Harassment Prevention,2026-01-15,2026-03-15,2026-02-15,Complete,2026-08-29
TRN-00323,EMP-0238,Data Security,2026-04-01,2026-05-15,2026-05-09,Complete,2026-08-29
TRN-00324,EMP-0239,Harassment Prevention,2026-01-15,2026-03-15,2026-02-11,Complete,2026-08-29
TRN-00325,EMP-0239,Data Security,2026-04-01,2026-05-15,2026-05-04,Complete,2026-08-29
TRN-00326,EMP-0240,Harassment Prevention,2026-01-15,2026-03-15,2026-02-09,Complete,2026-08-29
TRN-00327,EMP-0241,Harassment Prevention,2026-01-15,2026-03-15,2026-02-20,Complete,2026-08-29
TRN-00328,EMP-0242,Harassment Prevention,2026-01-15,2026-03-15,2026-02-22,Complete,2026-08-29
TRN-00329,EMP-0242,Data Security,2026-04-01,2026-05-15,2026-04-21,Complete,2026-08-29
TRN-00330,EMP-0243,Harassment Prevention,2026-01-15,2026-03-15,2026-03-07,Complete,2026-08-29
TRN-00331,EMP-0243,Data Security,2026-04-01,2026-05-15,,Complete,2026-08-29
TRN-00332,EMP-0246,Harassment Prevention,2026-01-15,2026-03-15,2026-03-11,Complete,2026-08-29
TRN-00333,EMP-0247,Harassment Prevention,2026-01-15,2026-03-15,2026-02-17,Complete,2026-08-29
TRN-00334,EMP-0248,Harassment Prevention,2026-01-15,2026-03-15,2026-02-12,Complete,2026-08-29
TRN-00335,EMP-0248,Data Security,2026-04-01,2026-05-15,2026-04-22,Complete,2026-08-29
TRN-00336,EMP-0249,Harassment Prevention,2026-01-15,2026-03-15,2026-02-05,Complete,2026-08-29
TRN-00337,EMP-0249,Data Security,2026-04-01,2026-05-15,2026-05-12,Complete,2026-08-29
TRN-00338,EMP-0251,Harassment Prevention,2026-01-15,2026-03-15,2026-02-25,Complete,2026-08-29
TRN-00339,EMP-0251,Data Security,2026-04-01,2026-05-15,2026-04-29,Complete,2026-08-29
TRN-00340,EMP-0252,Harassment Prevention,2026-01-15,2026-03-15,2026-02-13,Complete,2026-08-29
TRN-00341,EMP-0252,Data Security,2026-04-01,2026-05-15,2026-05-06,Complete,2026-08-29
TRN-00342,EMP-0253,Harassment Prevention,2026-01-15,2026-03-15,2026-02-04,Complete,2026-08-29
TRN-00343,EMP-0253,Data Security,2026-04-01,2026-05-15,2026-05-12,Complete,2026-08-29
TRN-00344,EMP-0254,Harassment Prevention,2026-01-15,2026-03-15,2026-03-04,Complete,2026-08-29
TRN-00345,EMP-0254,Data Security,2026-04-01,2026-05-15,2026-05-12,Complete,2026-08-29
TRN-00346,EMP-0255,Harassment Prevention,2026-01-15,2026-03-15,2026-02-16,Complete,2026-08-29
TRN-00347,EMP-0255,Data Security,2026-04-01,2026-05-15,2026-05-14,Complete,2026-08-29
TRN-00348,EMP-0256,Harassment Prevention,2026-01-15,2026-03-15,2026-03-07,Complete,2026-08-29
TRN-00349,EMP-0256,Data Security,2026-04-01,2026-05-15,2026-05-09,Complete,2026-08-29
TRN-00350,EMP-0257,Harassment Prevention,2026-01-15,2026-03-15,2026-02-21,Complete,2026-08-29
TRN-00351,EMP-0257,Data Security,2026-04-01,2026-05-15,2026-04-25,Complete,2026-08-29
TRN-00352,EMP-0258,Harassment Prevention,2026-01-15,2026-03-15,2026-03-10,Complete,2026-08-29
TRN-00353,EMP-0258,Data Security,2026-04-01,2026-05-15,2026-05-01,Complete,2026-08-29
TRN-00354,EMP-0259,Harassment Prevention,2026-01-15,2026-03-15,2026-03-06,Complete,2026-08-29
TRN-00355,EMP-0259,Data Security,2026-04-01,2026-05-15,2026-05-04,Complete,2026-08-29
TRN-00356,EMP-0260,Harassment Prevention,2026-01-15,2026-03-15,,Pending,2026-08-29
TRN-00357,EMP-0260,Data Security,2026-04-01,2026-05-15,2026-04-18,Complete,2026-08-29
TRN-00358,EMP-0261,Harassment Prevention,2026-01-15,2026-03-15,2026-02-25,Complete,2026-08-29
TRN-00359,EMP-0261,Data Security,2026-04-01,2026-05-15,2026-05-09,Complete,2026-08-29
TRN-00360,EMP-0262,Harassment Prevention,2026-01-15,2026-03-15,2026-02-17,Complete,2026-08-29
TRN-00361,EMP-0262,Data Security,2026-04-01,2026-05-15,2026-05-14,Complete,2026-08-29
TRN-00362,EMP-0263,Harassment Prevention,2026-01-15,2026-03-15,2026-02-28,Complete,2026-08-29
TRN-00363,EMP-0264,Harassment Prevention,2026-01-15,2026-03-15,2026-02-18,Complete,2026-08-29
TRN-00364,EMP-0264,Data Security,2026-04-01,2026-05-15,2026-04-17,Complete,2026-08-29
TRN-00365,EMP-0265,Harassment Prevention,2026-01-15,2026-03-15,2026-02-11,Complete,2026-08-29
TRN-00366,EMP-0265,Data Security,2026-04-01,2026-05-15,2026-05-09,Complete,2026-08-29
TRN-00367,EMP-0266,Harassment Prevention,2026-01-15,2026-03-15,2026-02-05,Complete,2026-08-29
TRN-00368,EMP-0266,Data Security,2026-04-01,2026-05-15,2026-04-21,Complete,2026-08-29
TRN-00369,EMP-0267,Harassment Prevention,2026-01-15,2026-03-15,2026-02-20,Complete,2026-08-29
TRN-00370,EMP-0268,Harassment Prevention,2026-01-15,2026-03-15,2026-02-21,Complete,2026-08-29
TRN-00371,EMP-0268,Data Security,2026-04-01,2026-05-15,2026-05-06,Complete,2026-08-29
TRN-00372,EMP-0269,Harassment Prevention,2026-01-15,2026-03-15,2026-03-11,Complete,2026-08-29
TRN-00373,EMP-0270,Harassment Prevention,2026-01-15,2026-03-15,2026-03-12,Complete,2026-08-29
TRN-00374,EMP-0271,Harassment Prevention,2026-01-15,2026-03-15,,Pending,2026-08-29
TRN-00375,EMP-0272,Harassment Prevention,2026-01-15,2026-03-15,2026-02-28,Complete,2026-08-29
TRN-00376,EMP-0272,Data Security,2026-04-01,2026-05-15,2026-04-28,Complete,2026-08-29
TRN-00377,EMP-0273,Harassment Prevention,2026-01-15,2026-03-15,2026-03-01,Complete,2026-08-29
TRN-00378,EMP-0274,Harassment Prevention,2026-01-15,2026-03-15,2026-02-17,Complete,2026-08-29
TRN-00379,EMP-0275,Harassment Prevention,2026-01-15,2026-03-15,2026-03-12,Complete,2026-08-29
TRN-00380,EMP-0275,Data Security,2026-04-01,2026-05-15,2026-04-29,Complete,2026-08-29
TRN-00381,EMP-0276,Harassment Prevention,2026-01-15,2026-03-15,2026-03-02,Complete,2026-08-29
TRN-00382,EMP-0276,Data Security,2026-04-01,2026-05-15,2026-04-30,Complete,2026-08-29
TRN-00383,EMP-0277,Harassment Prevention,2026-01-15,2026-03-15,2026-02-26,Complete,2026-08-29
TRN-00384,EMP-0277,Data Security,2026-04-01,2026-05-15,2026-05-04,Complete,2026-08-29
TRN-00385,EMP-0278,Harassment Prevention,2026-01-15,2026-03-15,2026-02-13,Complete,2026-08-29
TRN-00386,EMP-0279,Harassment Prevention,2026-01-15,2026-03-15,2026-03-01,Complete,2026-08-29
TRN-00387,EMP-0280,Harassment Prevention,2026-01-15,2026-03-15,2026-03-05,Complete,2026-08-29
TRN-00388,EMP-0281,Harassment Prevention,2026-01-15,2026-03-15,2026-03-05,Complete,2026-08-29
TRN-00389,EMP-0282,Harassment Prevention,2026-01-15,2026-03-15,2026-02-04,Complete,2026-08-29
TRN-00390,EMP-0282,Data Security,2026-04-01,2026-05-15,2026-04-29,Complete,2026-08-29
TRN-00391,EMP-0283,Harassment Prevention,2026-01-15,2026-03-15,2026-02-22,Complete,2026-08-29
TRN-00392,EMP-0284,Harassment Prevention,2026-01-15,2026-03-15,2026-02-09,Complete,2026-08-29
TRN-00393,EMP-0284,Data Security,2026-04-01,2026-05-15,2026-05-12,Complete,2026-08-29
TRN-00394,EMP-0285,Harassment Prevention,2026-01-15,2026-03-15,2026-02-22,Complete,2026-08-29
TRN-00395,EMP-0286,Harassment Prevention,2026-01-15,2026-03-15,2026-02-20,Complete,2026-08-29
TRN-00396,EMP-0287,Harassment Prevention,2026-01-15,2026-03-15,2026-03-02,Complete,2026-08-29
TRN-00397,EMP-0287,Data Security,2026-04-01,2026-05-15,2026-05-05,Complete,2026-08-29
TRN-00398,EMP-0288,Harassment Prevention,2026-01-15,2026-03-15,2026-03-03,Complete,2026-08-29
TRN-00399,EMP-0288,Data Security,2026-04-01,2026-05-15,2026-05-06,Complete,2026-08-29
TRN-00400,EMP-0289,Harassment Prevention,2026-01-15,2026-03-15,2026-03-11,Complete,2026-08-29
TRN-00401,EMP-0290,Harassment Prevention,2026-01-15,2026-03-15,2026-02-06,Complete,2026-08-29
TRN-00402,EMP-0290,Data Security,2026-04-01,2026-05-15,2026-04-28,Complete,2026-08-29
TRN-00403,EMP-0291,Harassment Prevention,2026-01-15,2026-03-15,2026-02-28,Complete,2026-08-29
TRN-00404,EMP-0291,Data Security,2026-04-01,2026-05-15,2026-05-09,Complete,2026-08-29
TRN-00405,EMP-0292,Harassment Prevention,2026-01-15,2026-03-15,2026-03-11,Complete,2026-08-29
TRN-00406,EMP-0293,Harassment Prevention,2026-01-15,2026-03-15,2026-03-09,Complete,2026-08-29
TRN-00407,EMP-0293,Data Security,2026-04-01,2026-05-15,2026-04-19,Complete,2026-08-29
TRN-00408,EMP-0294,Harassment Prevention,2026-01-15,2026-03-15,2026-03-14,Complete,2026-08-29
TRN-00409,EMP-0294,Data Security,2026-04-01,2026-05-15,2026-04-17,Complete,2026-08-29
TRN-00410,EMP-0295,Harassment Prevention,2026-01-15,2026-03-15,2026-03-02,Complete,2026-08-29
TRN-00411,EMP-0296,Harassment Prevention,2026-01-15,2026-03-15,2026-02-06,Complete,2026-08-29
TRN-00412,EMP-0296,Data Security,2026-04-01,2026-05-15,2026-04-17,Complete,2026-08-29
TRN-00413,EMP-0297,Harassment Prevention,2026-01-15,2026-03-15,2026-02-12,Complete,2026-08-29
TRN-00414,EMP-0297,Data Security,2026-04-01,2026-05-15,2026-05-11,Complete,2026-08-29
TRN-00415,EMP-0300,Harassment Prevention,2026-01-15,2026-03-15,2026-02-06,Complete,2026-08-29
TRN-00416,EMP-0302,Harassment Prevention,2026-01-15,2026-03-15,2026-03-08,Complete,2026-08-29
TRN-00417,EMP-0304,Harassment Prevention,2026-01-15,2026-03-15,2026-02-05,Complete,2026-08-29
TRN-00418,EMP-0305,Harassment Prevention,2026-01-15,2026-03-15,2026-02-12,Complete,2026-08-29
TRN-00419,EMP-0306,Harassment Prevention,2026-01-15,2026-03-15,2026-02-19,Complete,2026-08-29
TRN-00420,EMP-0307,Harassment Prevention,2026-01-15,2026-03-15,2026-02-10,Complete,2026-08-29
TRN-00421,EMP-0307,Data Security,2026-04-01,2026-05-15,2026-05-05,Complete,2026-08-29
TRN-00422,EMP-0308,Harassment Prevention,2026-01-15,2026-03-15,2026-02-04,Complete,2026-08-29
TRN-00423,EMP-0309,Harassment Prevention,2026-01-15,2026-03-15,2026-02-28,Complete,2026-08-29
TRN-00424,EMP-0311,Harassment Prevention,2026-01-15,2026-03-15,2026-03-12,Complete,2026-08-29
TRN-00425,EMP-0311,Data Security,2026-04-01,2026-05-15,2026-04-27,Complete,2026-08-29
TRN-00426,EMP-0312,Harassment Prevention,2026-01-15,2026-03-15,2026-02-26,Complete,2026-08-29
TRN-00427,EMP-0312,Data Security,2026-04-01,2026-05-15,2026-05-04,Complete,2026-08-29
TRN-00428,EMP-0313,Harassment Prevention,2026-01-15,2026-03-15,2026-03-02,Complete,2026-08-29
TRN-00429,EMP-0314,Harassment Prevention,2026-01-15,2026-03-15,2026-03-08,Complete,2026-08-29
TRN-00430,EMP-0315,Harassment Prevention,2026-01-15,2026-03-15,,Pending,2026-08-29
TRN-00431,EMP-0315,Data Security,2026-04-01,2026-05-15,2026-04-24,Complete,2026-08-29
TRN-00432,EMP-0316,Harassment Prevention,2026-01-15,2026-03-15,2026-02-14,Complete,2026-08-29
TRN-00433,EMP-0317,Harassment Prevention,2026-01-15,2026-03-15,2026-02-27,Complete,2026-08-29
TRN-00434,EMP-0317,Data Security,2026-04-01,2026-05-15,2026-04-21,Complete,2026-08-29
TRN-00435,EMP-0318,Harassment Prevention,2026-01-15,2026-03-15,2026-02-24,Complete,2026-08-29
TRN-00436,EMP-0318,Data Security,2026-04-01,2026-05-15,2026-05-02,Complete,2026-08-29
TRN-00437,EMP-0319,Harassment Prevention,2026-01-15,2026-03-15,2026-02-07,Complete,2026-08-29
TRN-00438,EMP-0319,Data Security,2026-04-01,2026-05-15,2026-05-04,Complete,2026-08-29
TRN-00439,EMP-0320,Harassment Prevention,2026-01-15,2026-03-15,2026-03-13,Complete,2026-08-29
TRN-00440,EMP-0320,Data Security,2026-04-01,2026-05-15,2026-05-01,Complete,2026-08-29
TRN-00441,EMP-0321,Harassment Prevention,2026-01-15,2026-03-15,2026-03-04,Complete,2026-08-29
TRN-00442,EMP-0321,Data Security,2026-04-01,2026-05-15,2026-04-25,Complete,2026-08-29
TRN-00443,EMP-0322,Harassment Prevention,2026-01-15,2026-03-15,2026-02-21,Complete,2026-08-29
TRN-00444,EMP-0323,Harassment Prevention,2026-01-15,2026-03-15,2026-02-28,Complete,2026-08-29
TRN-00445,EMP-0323,Data Security,2026-04-01,2026-05-15,2026-05-09,Complete,2026-08-29
TRN-00446,EMP-0324,Harassment Prevention,2026-01-15,2026-03-15,2026-02-05,Complete,2026-08-29
TRN-00447,EMP-0325,Harassment Prevention,2026-01-15,2026-03-15,2026-02-08,Complete,2026-08-29
TRN-00448,EMP-0327,Harassment Prevention,2026-01-15,2026-03-15,,Pending,2026-08-29
TRN-00449,EMP-0327,Data Security,2026-04-01,2026-05-15,2026-04-27,Complete,2026-08-29
TRN-00450,EMP-0328,Harassment Prevention,2026-01-15,2026-03-15,,Pending,2026-08-29
TRN-00451,EMP-0328,Data Security,2026-04-01,2026-05-15,2026-05-11,Complete,2026-08-29
TRN-00452,EMP-0329,Harassment Prevention,2026-01-15,2026-03-15,2026-03-12,Complete,2026-08-29
TRN-00453,EMP-0330,Harassment Prevention,2026-01-15,2026-03-15,2026-02-10,Complete,2026-08-29
TRN-00454,EMP-0330,Data Security,2026-04-01,2026-05-15,2026-04-23,Complete,2026-08-29
TRN-00455,EMP-0331,Harassment Prevention,2026-01-15,2026-03-15,2026-02-08,Complete,2026-08-29
TRN-00456,EMP-0332,Harassment Prevention,2026-01-15,2026-03-15,2026-02-04,Complete,2026-08-29
TRN-00457,EMP-0332,Data Security,2026-04-01,2026-05-15,2026-05-09,Complete,2026-08-29
TRN-00458,EMP-0333,Harassment Prevention,2026-01-15,2026-03-15,2026-03-10,Complete,2026-08-29
TRN-00459,EMP-0333,Data Security,2026-04-01,2026-05-15,2026-05-10,Complete,2026-08-29
TRN-00460,EMP-0335,Harassment Prevention,2026-01-15,2026-03-15,,Pending,2026-08-29
TRN-00461,EMP-0335,Data Security,2026-04-01,2026-05-15,2026-05-08,Complete,2026-08-29
TRN-00462,EMP-0336,Harassment Prevention,2026-01-15,2026-03-15,2026-02-03,Complete,2026-08-29
TRN-00463,EMP-0336,Data Security,2026-04-01,2026-05-15,2026-05-11,Complete,2026-08-29
TRN-00464,EMP-0337,Harassment Prevention,2026-01-15,2026-03-15,2026-03-04,Complete,2026-08-29
TRN-00465,EMP-0337,Data Security,2026-04-01,2026-05-15,2026-04-30,Complete,2026-08-29
TRN-00466,EMP-0338,Harassment Prevention,2026-01-15,2026-03-15,2026-02-19,Complete,2026-08-29
TRN-00467,EMP-0339,Harassment Prevention,2026-01-15,2026-03-15,2026-02-06,Complete,2026-08-29
TRN-00468,EMP-0340,Harassment Prevention,2026-01-15,2026-03-15,2026-02-13,Complete,2026-08-29
TRN-00469,EMP-0340,Data Security,2026-04-01,2026-05-15,2026-04-27,Complete,2026-08-29
TRN-00470,EMP-0341,Harassment Prevention,2026-01-15,2026-03-15,2026-02-11,Complete,2026-08-29
TRN-00471,EMP-0343,Harassment Prevention,2026-01-15,2026-03-15,2026-03-03,Complete,2026-08-29
TRN-00472,EMP-0343,Data Security,2026-04-01,2026-05-15,2026-04-21,Complete,2026-08-29
TRN-00473,EMP-0344,Harassment Prevention,2026-01-15,2026-03-15,2026-03-13,Complete,2026-08-29
TRN-00474,EMP-0346,Harassment Prevention,2026-01-15,2026-03-15,2026-02-13,Complete,2026-08-29
TRN-00475,EMP-0347,Harassment Prevention,2026-01-15,2026-03-15,2026-03-10,Complete,2026-08-29
TRN-00476,EMP-0347,Data Security,2026-04-01,2026-05-15,2026-05-07,Complete,2026-08-29
TRN-00477,EMP-0348,Harassment Prevention,2026-01-15,2026-03-15,2026-03-10,Complete,2026-08-29
TRN-00478,EMP-0348,Data Security,2026-04-01,2026-05-15,2026-05-11,Complete,2026-08-29
TRN-00479,EMP-0349,Harassment Prevention,2026-01-15,2026-03-15,2026-03-07,Complete,2026-08-29
TRN-00480,EMP-0350,Harassment Prevention,2026-01-15,2026-03-15,2026-03-11,Complete,2026-08-29
TRN-00481,EMP-0351,Harassment Prevention,2026-01-15,2026-03-15,2026-02-16,Complete,2026-08-29
TRN-00482,EMP-0352,Harassment Prevention,2026-01-15,2026-03-15,2026-02-25,Complete,2026-08-29
TRN-00483,EMP-0353,Harassment Prevention,2026-01-15,2026-03-15,2026-02-18,Complete,2026-08-29
TRN-00484,EMP-0353,Data Security,2026-04-01,2026-05-15,2026-04-17,Complete,2026-08-29
TRN-00485,EMP-0354,Harassment Prevention,2026-01-15,2026-03-15,2026-03-05,Complete,2026-08-29
TRN-00486,EMP-0355,Harassment Prevention,2026-01-15,2026-03-15,2026-02-08,Complete,2026-08-29
TRN-00487,EMP-0356,Harassment Prevention,2026-01-15,2026-03-15,2026-02-17,Complete,2026-08-29
TRN-00488,EMP-0357,Harassment Prevention,2026-01-15,2026-03-15,2026-03-02,Complete,2026-08-29
TRN-00489,EMP-0357,Data Security,2026-04-01,2026-05-15,2026-04-19,Complete,2026-08-29
TRN-00490,EMP-0358,Harassment Prevention,2026-01-15,2026-03-15,2026-03-05,Complete,2026-08-29
TRN-00491,EMP-0358,Data Security,2026-04-01,2026-05-15,2026-05-07,Complete,2026-08-29
TRN-00492,EMP-0359,Harassment Prevention,2026-01-15,2026-03-15,2026-03-12,Complete,2026-08-29
TRN-00493,EMP-0360,Harassment Prevention,2026-01-15,2026-03-15,2026-02-25,Complete,2026-08-29
TRN-00494,EMP-0360,Data Security,2026-04-01,2026-05-15,2026-05-06,Complete,2026-08-29
TRN-00495,EMP-0362,Harassment Prevention,2026-01-15,2026-03-15,2026-02-27,Complete,2026-08-29
TRN-00496,EMP-0362,Data Security,2026-04-01,2026-05-15,2026-05-09,Complete,2026-08-29
TRN-00497,EMP-0363,Harassment Prevention,2026-01-15,2026-03-15,2026-03-09,Complete,2026-08-29
TRN-00498,EMP-0363,Data Security,2026-04-01,2026-05-15,2026-05-02,Complete,2026-08-29
TRN-00499,EMP-0364,Harassment Prevention,2026-01-15,2026-03-15,2026-02-17,Complete,2026-08-29
TRN-00500,EMP-0364,Data Security,2026-04-01,2026-05-15,2026-02-20,Pending,2026-08-29
TRN-00501,EMP-0366,Harassment Prevention,2026-01-15,2026-03-15,2026-02-24,Complete,2026-08-29
TRN-00502,EMP-0367,Harassment Prevention,2026-01-15,2026-03-15,2026-03-08,Complete,2026-08-29
TRN-00503,EMP-0368,Harassment Prevention,2026-01-15,2026-03-15,2026-02-08,Complete,2026-08-29
TRN-00504,EMP-0368,Data Security,2026-04-01,2026-05-15,2026-05-10,Complete,2026-08-29
TRN-00505,EMP-0369,Harassment Prevention,2026-01-15,2026-03-15,2026-02-26,Complete,2026-08-29
TRN-00506,EMP-0369,Data Security,2026-04-01,2026-05-15,2026-04-18,Complete,2026-08-29
TRN-00507,EMP-0370,Harassment Prevention,2026-01-15,2026-03-15,2026-03-08,Complete,2026-08-29
TRN-00508,EMP-0371,Harassment Prevention,2026-01-15,2026-03-15,2026-02-10,Complete,2026-08-29
TRN-00509,EMP-0371,Data Security,2026-04-01,2026-05-15,2026-04-24,Complete,2026-08-29
TRN-00510,EMP-0372,Harassment Prevention,2026-01-15,2026-03-15,2026-02-03,Complete,2026-08-29
TRN-00511,EMP-0374,Harassment Prevention,2026-01-15,2026-03-15,2026-03-02,Complete,2026-08-29
TRN-00512,EMP-0375,Harassment Prevention,2026-01-15,2026-03-15,2026-03-12,Complete,2026-08-29
TRN-00513,EMP-0376,Harassment Prevention,2026-01-15,2026-03-15,,Pending,2026-08-29
TRN-00514,EMP-0377,Harassment Prevention,2026-01-15,2026-03-15,2026-02-17,Complete,2026-08-29
TRN-00515,EMP-0377,Data Security,2026-04-01,2026-05-15,2026-05-13,Complete,2026-08-29
TRN-00516,EMP-0378,Harassment Prevention,2026-01-15,2026-03-15,2026-02-26,Complete,2026-08-29
TRN-00517,EMP-0379,Harassment Prevention,2026-01-15,2026-03-15,2026-02-23,Complete,2026-08-29
TRN-00518,EMP-0379,Data Security,2026-04-01,2026-05-15,2026-05-06,Complete,2026-08-29
TRN-00519,EMP-0380,Harassment Prevention,2026-01-15,2026-03-15,2026-02-22,Complete,2026-08-29
TRN-00520,EMP-0380,Data Security,2026-04-01,2026-05-15,2026-04-17,Complete,2026-08-29
TRN-00521,EMP-0381,Harassment Prevention,2026-01-15,2026-03-15,2026-02-05,Complete,2026-08-29
TRN-00522,EMP-0382,Harassment Prevention,2026-01-15,2026-03-15,2026-03-13,Complete,2026-08-29
TRN-00523,EMP-0382,Data Security,2026-04-01,2026-05-15,2026-04-22,Complete,2026-08-29
TRN-00524,EMP-0384,Harassment Prevention,2026-01-15,2026-03-15,2026-03-08,Complete,2026-08-29
TRN-00525,EMP-0386,Harassment Prevention,2026-01-15,2026-03-15,2026-02-25,Complete,2026-08-29
TRN-00526,EMP-0387,Harassment Prevention,2026-01-15,2026-03-15,2026-02-24,Complete,2026-08-29
TRN-00527,EMP-0388,Harassment Prevention,2026-01-15,2026-03-15,2026-02-25,Complete,2026-08-29
TRN-00528,EMP-0389,Harassment Prevention,2026-01-15,2026-03-15,2026-02-19,Complete,2026-08-29
TRN-00529,EMP-0390,Harassment Prevention,2026-01-15,2026-03-15,2026-02-04,Complete,2026-08-29
TRN-00530,EMP-0391,Harassment Prevention,2026-01-15,2026-03-15,2026-02-19,Complete,2026-08-29
TRN-00531,EMP-0391,Data Security,2026-04-01,2026-05-15,2026-05-08,Complete,2026-08-29
TRN-00532,EMP-0394,Harassment Prevention,2026-01-15,2026-03-15,2026-02-22,Complete,2026-08-29
TRN-00533,EMP-0395,Harassment Prevention,2026-01-15,2026-03-15,2026-03-11,Complete,2026-08-29
TRN-00534,EMP-0396,Harassment Prevention,2026-01-15,2026-03-15,,Pending,2026-08-29
TRN-00535,EMP-0397,Harassment Prevention,2026-01-15,2026-03-15,2026-03-08,Complete,2026-08-29
TRN-00536,EMP-0398,Harassment Prevention,2026-01-15,2026-03-15,,Pending,2026-08-29
TRN-00537,EMP-0398,Data Security,2026-04-01,2026-05-15,2026-05-01,Complete,2026-08-29
TRN-00538,EMP-0399,Harassment Prevention,2026-01-15,2026-03-15,2026-02-17,Complete,2026-08-29
TRN-00539,EMP-0400,Harassment Prevention,2026-01-15,2026-03-15,2026-02-09,Complete,2026-08-29
TRN-00540,EMP-0401,Harassment Prevention,2026-01-15,2026-03-15,2026-03-13,Complete,2026-08-29
TRN-00541,EMP-0403,Harassment Prevention,2026-01-15,2026-03-15,2026-02-18,Complete,2026-08-29
TRN-00542,EMP-0403,Data Security,2026-04-01,2026-05-15,2026-05-06,Complete,2026-08-29
TRN-00543,EMP-0404,Harassment Prevention,2026-01-15,2026-03-15,2026-03-10,Complete,2026-08-29
TRN-00544,EMP-0404,Data Security,2026-04-01,2026-05-15,2026-05-02,Complete,2026-08-29
TRN-00545,EMP-0405,Harassment Prevention,2026-01-15,2026-03-15,2026-02-12,Complete,2026-08-29
TRN-00546,EMP-0405,Data Security,2026-04-01,2026-05-15,2026-05-11,Complete,2026-08-29
TRN-00547,EMP-0406,Harassment Prevention,2026-01-15,2026-03-15,2026-02-11,Complete,2026-08-29
TRN-00548,EMP-0406,Data Security,2026-04-01,2026-05-15,2026-05-12,Complete,2026-08-29
TRN-00549,EMP-0407,Harassment Prevention,2026-01-15,2026-03-15,2026-02-16,Complete,2026-08-29
TRN-00550,EMP-0407,Data Security,2026-04-01,2026-05-15,2026-04-20,Complete,2026-08-29
TRN-00551,EMP-0408,Harassment Prevention,2026-01-15,2026-03-15,2026-02-20,Complete,2026-08-29
TRN-00552,EMP-0409,Harassment Prevention,2026-01-15,2026-03-15,2026-02-14,Complete,2026-08-29
TRN-00553,EMP-0409,Data Security,2026-04-01,2026-05-15,2026-04-22,Complete,2026-08-29
TRN-00554,EMP-0410,Harassment Prevention,2026-01-15,2026-03-15,2026-02-18,Complete,2026-08-29
TRN-00555,EMP-0410,Data Security,2026-04-01,2026-05-15,2026-04-22,Complete,2026-08-29
TRN-00556,EMP-0411,Harassment Prevention,2026-01-15,2026-03-15,2026-02-14,Complete,2026-08-29
TRN-00557,EMP-0411,Data Security,2026-04-01,2026-05-15,2026-05-05,Complete,2026-08-29
TRN-00558,EMP-0414,Harassment Prevention,2026-01-15,2026-03-15,2026-02-24,Complete,2026-08-29
TRN-00559,EMP-0415,Harassment Prevention,2026-01-15,2026-03-15,2026-02-17,Complete,2026-08-29
TRN-00560,EMP-0416,Harassment Prevention,2026-01-15,2026-03-15,2026-02-19,Complete,2026-08-29
TRN-00561,EMP-0416,Data Security,2026-04-01,2026-05-15,2026-04-23,Complete,2026-08-29
TRN-00562,EMP-0417,Harassment Prevention,2026-01-15,2026-03-15,2026-02-24,Complete,2026-08-29
TRN-00563,EMP-0418,Harassment Prevention,2026-01-15,2026-03-15,2026-02-16,Complete,2026-08-29
TRN-00564,EMP-0419,Harassment Prevention,2026-01-15,2026-03-15,2026-02-22,Complete,2026-08-29
TRN-00565,EMP-0421,Harassment Prevention,2026-01-15,2026-03-15,2026-02-23,Complete,2026-08-29
TRN-00566,EMP-0421,Data Security,2026-04-01,2026-05-15,2026-04-30,Complete,2026-08-29
TRN-00567,EMP-0422,Harassment Prevention,2026-01-15,2026-03-15,2026-03-03,Complete,2026-08-29
TRN-00568,EMP-0422,Data Security,2026-04-01,2026-05-15,2026-05-11,Complete,2026-08-29
TRN-00569,EMP-0424,Harassment Prevention,2026-01-15,2026-03-15,2026-03-01,Complete,2026-08-29
TRN-00570,EMP-0424,Data Security,2026-04-01,2026-05-15,2026-04-19,Complete,2026-08-29
TRN-00571,EMP-0425,Harassment Prevention,2026-01-15,2026-03-15,2026-03-05,Complete,2026-08-29
TRN-00572,EMP-0425,Data Security,2026-04-01,2026-05-15,2026-04-19,Complete,2026-08-29
TRN-00573,EMP-0426,Harassment Prevention,2026-01-15,2026-03-15,2026-02-07,Complete,2026-08-29
TRN-00574,EMP-0426,Data Security,2026-04-01,2026-05-15,2026-04-26,Complete,2026-08-29
TRN-00575,EMP-0427,Harassment Prevention,2026-01-15,2026-03-15,2026-03-13,Complete,2026-08-29
TRN-00576,EMP-0427,Data Security,2026-04-01,2026-05-15,2026-05-06,Complete,2026-08-29
TRN-00577,EMP-0428,Harassment Prevention,2026-01-15,2026-03-15,2026-02-07,Complete,2026-08-29
TRN-00578,EMP-0429,Harassment Prevention,2026-01-15,2026-03-15,2026-02-24,Complete,2026-08-29
TRN-00579,EMP-0430,Harassment Prevention,2026-01-15,2026-03-15,2026-02-21,Complete,2026-08-29
TRN-00580,EMP-0431,Harassment Prevention,2026-01-15,2026-03-15,,Pending,2026-08-29
TRN-00581,EMP-0431,Data Security,2026-04-01,2026-05-15,2026-05-10,Complete,2026-08-29
TRN-00582,EMP-0433,Harassment Prevention,2026-01-15,2026-03-15,2026-03-09,Complete,2026-08-29
TRN-00583,EMP-0433,Data Security,2026-04-01,2026-05-15,2026-05-12,Complete,2026-08-29
TRN-00584,EMP-0435,Harassment Prevention,2026-01-15,2026-03-15,2026-02-13,Complete,2026-08-29
TRN-00585,EMP-0435,Data Security,2026-04-01,2026-05-15,2026-04-16,Complete,2026-08-29
TRN-00586,EMP-0436,Harassment Prevention,2026-01-15,2026-03-15,2026-02-19,Complete,2026-08-29
TRN-00587,EMP-0437,Harassment Prevention,2026-01-15,2026-03-15,2026-02-27,Complete,2026-08-29
TRN-00588,EMP-0438,Harassment Prevention,2026-01-15,2026-03-15,2026-02-09,Complete,2026-08-29
TRN-00589,EMP-0438,Data Security,2026-04-01,2026-05-15,2026-04-21,Complete,2026-08-29
TRN-00590,EMP-0439,Harassment Prevention,2026-01-15,2026-03-15,2026-02-08,Complete,2026-08-29
TRN-00591,EMP-0439,Data Security,2026-04-01,2026-05-15,2026-04-18,Complete,2026-08-29
TRN-00592,EMP-0440,Harassment Prevention,2026-01-15,2026-03-15,,Pending,2026-08-29
TRN-00593,EMP-0440,Data Security,2026-04-01,2026-05-15,2026-04-23,Complete,2026-08-29
TRN-00594,EMP-0441,Harassment Prevention,2026-01-15,2026-03-15,,Pending,2026-08-29
TRN-00595,EMP-0441,Data Security,2026-04-01,2026-05-15,2026-05-03,Complete,2026-08-29
TRN-00596,EMP-0443,Harassment Prevention,2026-01-15,2026-03-15,2026-03-14,Complete,2026-08-29
TRN-00597,EMP-0443,Data Security,2026-04-01,2026-05-15,2026-05-03,Complete,2026-08-29
TRN-00598,EMP-0444,Harassment Prevention,2026-01-15,2026-03-15,2026-02-10,Complete,2026-08-29
TRN-00599,EMP-0445,Harassment Prevention,2026-01-15,2026-03-15,2026-02-24,Complete,2026-08-29
TRN-00600,EMP-0445,Data Security,2026-04-01,2026-05-15,2026-05-10,Complete,2026-08-29
TRN-00601,EMP-0446,Harassment Prevention,2026-01-15,2026-03-15,2026-03-05,Complete,2026-08-29
TRN-00602,EMP-0446,Data Security,2026-04-01,2026-05-15,2026-04-26,Complete,2026-08-29
TRN-00603,EMP-0447,Harassment Prevention,2026-01-15,2026-03-15,2026-02-04,Complete,2026-08-29
TRN-00604,EMP-0447,Data Security,2026-04-01,2026-05-15,2026-04-25,Complete,2026-08-29
TRN-00605,EMP-0448,Harassment Prevention,2026-01-15,2026-03-15,2026-02-27,Complete,2026-08-29
TRN-00606,EMP-0449,Harassment Prevention,2026-01-15,2026-03-15,2026-03-05,Complete,2026-08-29
TRN-00607,EMP-0450,Harassment Prevention,2026-01-15,2026-03-15,2026-02-24,Complete,2026-08-29
TRN-00608,EMP-0450,Data Security,2026-04-01,2026-05-15,2026-05-11,Complete,2026-08-29
TRN-00609,EMP-0451,Harassment Prevention,2026-01-15,2026-03-15,2026-02-07,Complete,2026-08-29
TRN-00610,EMP-0454,Harassment Prevention,2026-01-15,2026-03-15,2026-02-21,Complete,2026-08-29
TRN-00611,EMP-0454,Data Security,2026-04-01,2026-05-15,2026-05-02,Complete,2026-08-29
TRN-00612,EMP-0455,Harassment Prevention,2026-01-15,2026-03-15,2026-02-18,Complete,2026-08-29
TRN-00613,EMP-0456,Harassment Prevention,2026-01-15,2026-03-15,2026-03-02,Complete,2026-08-29
TRN-00614,EMP-0458,Harassment Prevention,2026-01-15,2026-03-15,2026-02-12,Complete,2026-08-29
TRN-00615,EMP-0458,Data Security,2026-04-01,2026-05-15,2026-04-17,Complete,2026-08-29
TRN-00616,EMP-0460,Harassment Prevention,2026-01-15,2026-03-15,,Pending,2026-08-29
TRN-00617,EMP-0461,Harassment Prevention,2026-01-15,2026-03-15,2026-02-17,Complete,2026-08-29
TRN-00618,EMP-0462,Harassment Prevention,2026-01-15,2026-03-15,2026-03-11,Complete,2026-08-29
TRN-00619,EMP-0463,Harassment Prevention,2026-01-15,2026-03-15,2026-03-12,Complete,2026-08-29
TRN-00620,EMP-0463,Data Security,2026-04-01,2026-05-15,2026-05-04,Complete,2026-08-29
TRN-00621,EMP-0464,Harassment Prevention,2026-01-15,2026-03-15,2026-04-20,Complete,2026-08-29
TRN-00622,EMP-0465,Harassment Prevention,2026-01-15,2026-03-15,2026-03-13,Complete,2026-08-29
TRN-00623,EMP-0465,Data Security,2026-04-01,2026-05-15,2026-04-25,Complete,2026-08-29
TRN-00624,EMP-0466,Harassment Prevention,2026-01-15,2026-03-15,2026-03-01,Complete,2026-08-29
TRN-00625,EMP-0467,Harassment Prevention,2026-01-15,2026-03-15,2026-02-27,Complete,2026-08-29
TRN-00626,EMP-0470,Harassment Prevention,2026-01-15,2026-03-15,2026-02-17,Complete,2026-08-29
TRN-00627,EMP-0470,Data Security,2026-04-01,2026-05-15,2026-04-22,Complete,2026-08-29
TRN-00628,EMP-0471,Harassment Prevention,2026-01-15,2026-03-15,2026-02-12,Complete,2026-08-29
TRN-00629,EMP-0472,Harassment Prevention,2026-01-15,2026-03-15,2026-02-27,Complete,2026-08-29
TRN-00630,EMP-0472,Data Security,2026-04-01,2026-05-15,2026-05-04,Complete,2026-08-29
TRN-00631,EMP-0473,Harassment Prevention,2026-01-15,2026-03-15,2026-03-09,Complete,2026-08-29
TRN-00632,EMP-0473,Data Security,2026-04-01,2026-05-15,2026-05-11,Complete,2026-08-29
TRN-00633,EMP-0474,Harassment Prevention,2026-01-15,2026-03-15,2026-03-09,Complete,2026-08-29
TRN-00634,EMP-0474,Data Security,2026-04-01,2026-05-15,2026-05-13,Complete,2026-08-29
TRN-00635,EMP-0475,Harassment Prevention,2026-01-15,2026-03-15,2026-02-03,Complete,2026-08-29
TRN-00636,EMP-0476,Harassment Prevention,2026-01-15,2026-03-15,2026-02-11,Complete,2026-08-29
TRN-00637,EMP-0477,Harassment Prevention,2026-01-15,2026-03-15,2026-02-10,Complete,2026-08-29
TRN-00638,EMP-0477,Data Security,2026-04-01,2026-05-15,2026-05-04,Complete,2026-08-29
TRN-00639,EMP-0478,Harassment Prevention,2026-01-15,2026-03-15,2026-02-03,Complete,2026-08-29
TRN-00640,EMP-0479,Harassment Prevention,2026-01-15,2026-03-15,2026-02-19,Complete,2026-08-29
TRN-00641,EMP-0479,Data Security,2026-04-01,2026-05-15,2026-04-15,Complete,2026-08-29
TRN-00642,EMP-0480,Harassment Prevention,2026-01-15,2026-03-15,2026-02-21,Complete,2026-08-29
TRN-00643,EMP-0481,Harassment Prevention,2026-01-15,2026-03-15,2026-02-25,Complete,2026-08-29
TRN-00644,EMP-0482,Harassment Prevention,2026-01-15,2026-03-15,2026-02-24,Complete,2026-08-29
TRN-00645,EMP-0483,Harassment Prevention,2026-01-15,2026-03-15,2026-02-09,Complete,2026-08-29
TRN-00646,EMP-0483,Data Security,2026-04-01,2026-05-15,2026-04-30,Complete,2026-08-29
TRN-00647,EMP-0484,Harassment Prevention,2026-01-15,2026-03-15,2026-03-11,Complete,2026-08-29
TRN-00648,EMP-0484,Data Security,2026-04-01,2026-05-15,2026-05-09,Complete,2026-08-29
TRN-00649,EMP-0485,Harassment Prevention,2026-01-15,2026-03-15,2026-03-01,Complete,2026-08-29
TRN-00650,EMP-0485,Data Security,2026-04-01,2026-05-15,2026-04-19,Complete,2026-08-29
TRN-00651,EMP-0486,Harassment Prevention,2026-01-15,2026-03-15,,Pending,2026-08-29
TRN-00652,EMP-0488,Harassment Prevention,2026-01-15,2026-03-15,2026-02-24,Complete,2026-08-29
TRN-00653,EMP-0490,Harassment Prevention,2026-01-15,2026-03-15,2026-03-02,Complete,2026-08-29
TRN-00654,EMP-0491,Harassment Prevention,2026-01-15,2026-03-15,2026-02-28,Complete,2026-08-29
TRN-00655,EMP-0492,Harassment Prevention,2026-01-15,2026-03-15,2026-03-06,Complete,2026-08-29
TRN-00656,EMP-0492,Data Security,2026-04-01,2026-05-15,2026-05-07,Complete,2026-08-29
TRN-00657,EMP-0495,Harassment Prevention,2026-01-15,2026-03-15,2026-02-13,Complete,2026-08-29
TRN-00658,EMP-0496,Harassment Prevention,2026-01-15,2026-03-15,,Pending,2026-08-29
TRN-00659,EMP-0497,Harassment Prevention,2026-01-15,2026-03-15,2026-02-03,Complete,2026-08-29
TRN-00660,EMP-0497,Data Security,2026-04-01,2026-05-15,2026-05-11,Complete,2026-08-29
TRN-00661,EMP-0498,Harassment Prevention,2026-01-15,2026-03-15,2026-02-27,Complete,2026-08-29
TRN-00662,EMP-0498,Data Security,2026-04-01,2026-05-15,2026-04-16,Complete,2026-08-29
TRN-00663,EMP-0500,Harassment Prevention,2026-01-15,2026-03-15,2026-03-13,Complete,2026-08-29
TRN-00664,EMP-0500,Data Security,2026-04-01,2026-05-15,2026-04-24,Complete,2026-08-29
TRN-00665,EMP-0501,Harassment Prevention,2026-01-15,2026-03-15,2026-02-04,Complete,2026-08-29
TRN-00666,EMP-0501,Data Security,2026-04-01,2026-05-15,2026-05-14,Complete,2026-08-29
TRN-00667,EMP-0504,Harassment Prevention,2026-01-15,2026-03-15,2026-03-03,Complete,2026-08-29
TRN-00668,EMP-0504,Data Security,2026-04-01,2026-05-15,2026-04-30,Complete,2026-08-29
TRN-00669,EMP-0505,Harassment Prevention,2026-01-15,2026-03-15,2026-02-15,Complete,2026-08-29
TRN-00670,EMP-0506,Harassment Prevention,2026-01-15,2026-03-15,2026-02-05,Complete,2026-08-29
TRN-00671,EMP-0507,Harassment Prevention,2026-01-15,2026-03-15,2026-02-14,Complete,2026-08-29
TRN-00672,EMP-0507,Data Security,2026-04-01,2026-05-15,2026-05-07,Complete,2026-08-29
TRN-00673,EMP-0509,Harassment Prevention,2026-01-15,2026-03-15,2026-02-13,Complete,2026-08-29
TRN-00674,EMP-0509,Data Security,2026-04-01,2026-05-15,2026-05-11,Complete,2026-08-29
TRN-00675,EMP-0510,Harassment Prevention,2026-01-15,2026-03-15,2026-02-21,Complete,2026-08-29
TRN-00676,EMP-0510,Data Security,2026-04-01,2026-05-15,2026-05-10,Complete,2026-08-29
TRN-00677,EMP-0511,Harassment Prevention,2026-01-15,2026-03-15,2026-02-10,Complete,2026-08-29
TRN-00678,EMP-0511,Data Security,2026-04-01,2026-05-15,2026-05-09,Complete,2026-08-29
TRN-00679,EMP-0512,Harassment Prevention,2026-01-15,2026-03-15,2026-03-03,Complete,2026-08-29
TRN-00680,EMP-0513,Harassment Prevention,2026-01-15,2026-03-15,2026-02-14,Complete,2026-08-29
TRN-00681,EMP-0514,Harassment Prevention,2026-01-15,2026-03-15,2026-02-24,Complete,2026-08-29
TRN-00682,EMP-0514,Data Security,2026-04-01,2026-05-15,2026-04-23,Complete,2026-08-29
TRN-00683,EMP-0515,Harassment Prevention,2026-01-15,2026-03-15,2026-02-05,Complete,2026-08-29
TRN-00684,EMP-0515,Data Security,2026-04-01,2026-05-15,2026-05-14,Complete,2026-08-29
TRN-00685,EMP-0516,Harassment Prevention,2026-01-15,2026-03-15,2026-02-18,Complete,2026-08-29
TRN-00686,EMP-0516,Data Security,2026-04-01,2026-05-15,2026-04-15,Complete,2026-08-29
TRN-00687,EMP-0517,Harassment Prevention,2026-01-15,2026-03-15,2026-02-27,Complete,2026-08-29
TRN-00688,EMP-0517,Data Security,2026-04-01,2026-05-15,2026-04-16,Complete,2026-08-29
TRN-00689,EMP-0518,Harassment Prevention,2026-01-15,2026-03-15,,Pending,2026-08-29
TRN-00690,EMP-0518,Data Security,2026-04-01,2026-05-15,2026-04-25,Complete,2026-08-29
TRN-00691,EMP-0519,Harassment Prevention,2026-01-15,2026-03-15,2026-02-22,Complete,2026-08-29
TRN-00692,EMP-0520,Harassment Prevention,2026-01-15,2026-03-15,,Pending,2026-08-29
TRN-00693,EMP-0521,Harassment Prevention,2026-01-15,2026-03-15,2026-03-02,Complete,2026-08-29
TRN-00694,EMP-0521,Data Security,2026-04-01,2026-05-15,2026-04-19,Complete,2026-08-29
TRN-00695,EMP-0522,Harassment Prevention,2026-01-15,2026-03-15,2026-02-24,Complete,2026-08-29
TRN-00696,EMP-0522,Data Security,2026-04-01,2026-05-15,2026-04-27,Complete,2026-08-29
TRN-00697,EMP-0523,Harassment Prevention,2026-01-15,2026-03-15,2026-02-21,Complete,2026-08-29
TRN-00698,EMP-0524,Harassment Prevention,2026-01-15,2026-03-15,2026-02-13,Complete,2026-08-29
TRN-00699,EMP-0525,Harassment Prevention,2026-01-15,2026-03-15,2026-02-16,Complete,2026-08-29
TRN-00700,EMP-0527,Harassment Prevention,2026-01-15,2026-03-15,2026-03-04,Complete,2026-08-29
TRN-00701,EMP-0527,Data Security,2026-04-01,2026-05-15,,Complete,2026-08-29
TRN-00702,EMP-0528,Harassment Prevention,2026-01-15,2026-03-15,2026-03-05,Complete,2026-08-29
TRN-00703,EMP-0529,Harassment Prevention,2026-01-15,2026-03-15,2026-02-07,Complete,2026-08-29
TRN-00704,EMP-0529,Data Security,2026-04-01,2026-05-15,2026-04-24,Complete,2026-08-29
TRN-00705,EMP-0530,Harassment Prevention,2026-01-15,2026-03-15,2026-02-26,Complete,2026-08-29
TRN-00706,EMP-0532,Harassment Prevention,2026-01-15,2026-03-15,2026-02-11,Complete,2026-08-29
TRN-00707,EMP-0534,Harassment Prevention,2026-01-15,2026-03-15,2026-02-25,Complete,2026-08-29
TRN-00708,EMP-0534,Data Security,2026-04-01,2026-05-15,2026-04-17,Complete,2026-08-29
TRN-00709,EMP-0535,Harassment Prevention,2026-01-15,2026-03-15,2026-03-09,Complete,2026-08-29
TRN-00710,EMP-0535,Data Security,2026-04-01,2026-05-15,2026-04-30,Complete,2026-08-29
TRN-00711,EMP-0536,Harassment Prevention,2026-01-15,2026-03-15,2026-03-14,Complete,2026-08-29
TRN-00712,EMP-0537,Harassment Prevention,2026-01-15,2026-03-15,2026-02-03,Complete,2026-08-29
TRN-00713,EMP-0538,Harassment Prevention,2026-01-15,2026-03-15,2026-02-09,Complete,2026-08-29
TRN-00714,EMP-0540,Harassment Prevention,2026-01-15,2026-03-15,2026-03-11,Complete,2026-08-29
TRN-00715,EMP-0540,Data Security,2026-04-01,2026-05-15,2026-05-05,Complete,2026-08-29
TRN-00716,EMP-0541,Harassment Prevention,2026-01-15,2026-03-15,2026-02-25,Complete,2026-08-29
TRN-00717,EMP-0541,Data Security,2026-04-01,2026-05-15,2026-04-25,Complete,2026-08-29
TRN-00718,EMP-0542,Harassment Prevention,2026-01-15,2026-03-15,2026-02-22,Complete,2026-08-29
TRN-00719,EMP-0542,Data Security,2026-04-01,2026-05-15,2026-05-11,Complete,2026-08-29
TRN-00720,EMP-0543,Harassment Prevention,2026-01-15,2026-03-15,2026-02-11,Complete,2026-08-29
TRN-00721,EMP-0543,Data Security,2026-04-01,2026-05-15,2026-05-08,Complete,2026-08-29
TRN-00722,EMP-0544,Harassment Prevention,2026-01-15,2026-03-15,2026-02-24,Complete,2026-08-29
TRN-00723,EMP-0545,Harassment Prevention,2026-01-15,2026-03-15,2026-03-05,Complete,2026-08-29
TRN-00724,EMP-0546,Harassment Prevention,2026-01-15,2026-03-15,2026-03-02,Complete,2026-08-29
TRN-00725,EMP-0546,Data Security,2026-04-01,2026-05-15,2026-04-18,Complete,2026-08-29
TRN-00726,EMP-0547,Harassment Prevention,2026-01-15,2026-03-15,2026-03-09,Complete,2026-08-29
TRN-00727,EMP-0547,Data Security,2026-04-01,2026-05-15,2026-05-05,Complete,2026-08-29
TRN-00728,EMP-0548,Harassment Prevention,2026-01-15,2026-03-15,2026-02-23,Complete,2026-08-29
TRN-00729,EMP-0549,Harassment Prevention,2026-01-15,2026-03-15,2026-02-23,Complete,2026-08-29
TRN-00730,EMP-0550,Harassment Prevention,2026-01-15,2026-03-15,2026-02-28,Complete,2026-08-29
TRN-00731,EMP-0551,Harassment Prevention,2026-01-15,2026-03-15,2026-02-06,Complete,2026-08-29
TRN-00732,EMP-0551,Data Security,2026-04-01,2026-05-15,2026-05-13,Complete,2026-08-29
TRN-00733,EMP-0552,Harassment Prevention,2026-01-15,2026-03-15,,Pending,2026-08-29
TRN-00734,EMP-0554,Harassment Prevention,2026-01-15,2026-03-15,2026-02-19,Complete,2026-08-29
TRN-00735,EMP-0554,Data Security,2026-04-01,2026-05-15,2026-04-19,Complete,2026-08-29
TRN-00736,EMP-0555,Harassment Prevention,2026-01-15,2026-03-15,2026-03-11,Complete,2026-08-29
TRN-00737,EMP-0555,Data Security,2026-04-01,2026-05-15,2026-05-06,Complete,2026-08-29
TRN-00738,EMP-0556,Harassment Prevention,2026-01-15,2026-03-15,2026-02-04,Complete,2026-08-29
TRN-00739,EMP-0558,Harassment Prevention,2026-01-15,2026-03-15,2026-02-27,Complete,2026-08-29
TRN-00740,EMP-0558,Data Security,2026-04-01,2026-05-15,2026-04-19,Complete,2026-08-29
TRN-00741,EMP-0559,Harassment Prevention,2026-01-15,2026-03-15,2026-03-11,Complete,2026-08-29
TRN-00742,EMP-0560,Harassment Prevention,2026-01-15,2026-03-15,2026-03-08,Complete,2026-08-29
TRN-00743,EMP-0561,Harassment Prevention,2026-01-15,2026-03-15,,Pending,2026-08-29
TRN-00744,EMP-0561,Data Security,2026-04-01,2026-05-15,2026-05-08,Complete,2026-08-29
TRN-00745,EMP-0562,Harassment Prevention,2026-01-15,2026-03-15,2026-02-26,Complete,2026-08-29
TRN-00746,EMP-0562,Data Security,2026-04-01,2026-05-15,2026-04-29,Complete,2026-08-29
TRN-00747,EMP-0563,Harassment Prevention,2026-01-15,2026-03-15,,Pending,2026-08-29
TRN-00748,EMP-0563,Data Security,2026-04-01,2026-05-15,2026-05-14,Complete,2026-08-29
TRN-00749,EMP-0564,Harassment Prevention,2026-01-15,2026-03-15,2026-02-09,Complete,2026-08-29
TRN-00750,EMP-0564,Data Security,2026-04-01,2026-05-15,2026-05-14,Complete,2026-08-29
TRN-00751,EMP-0566,Harassment Prevention,2026-01-15,2026-03-15,,Pending,2026-08-29
TRN-00752,EMP-0567,Harassment Prevention,2026-01-15,2026-03-15,,Pending,2026-08-29
TRN-00753,EMP-0568,Harassment Prevention,2026-01-15,2026-03-15,2026-02-18,Complete,2026-08-29
TRN-00754,EMP-0569,Harassment Prevention,2026-01-15,2026-03-15,2026-02-26,Complete,2026-08-29
TRN-00755,EMP-0570,Harassment Prevention,2026-01-15,2026-03-15,2026-03-13,Complete,2026-08-29
TRN-00756,EMP-0571,Harassment Prevention,2026-01-15,2026-03-15,2026-02-21,Complete,2026-08-29
TRN-00757,EMP-0571,Data Security,2026-04-01,2026-05-15,2026-05-02,Complete,2026-08-29
TRN-00758,EMP-0573,Harassment Prevention,2026-01-15,2026-03-15,2026-02-17,Complete,2026-08-29
TRN-00759,EMP-0574,Harassment Prevention,2026-01-15,2026-03-15,2026-02-16,Complete,2026-08-29
TRN-00760,EMP-0574,Data Security,2026-04-01,2026-05-15,2026-04-29,Complete,2026-08-29
TRN-00761,EMP-0575,Harassment Prevention,2026-01-15,2026-03-15,2026-02-06,Complete,2026-08-29
TRN-00762,EMP-0576,Harassment Prevention,2026-01-15,2026-03-15,2026-03-01,Complete,2026-08-29
TRN-00763,EMP-0576,Data Security,2026-04-01,2026-05-15,2026-04-22,Complete,2026-08-29
TRN-00764,EMP-0577,Harassment Prevention,2026-01-15,2026-03-15,2026-03-13,Complete,2026-08-29
TRN-00765,EMP-0577,Data Security,2026-04-01,2026-05-15,2026-05-08,Complete,2026-08-29
TRN-00766,EMP-0578,Harassment Prevention,2026-01-15,2026-03-15,2026-02-22,Complete,2026-08-29
TRN-00767,EMP-0578,Data Security,2026-04-01,2026-05-15,2026-04-22,Complete,2026-08-29
TRN-00768,EMP-0579,Harassment Prevention,2026-01-15,2026-03-15,2026-03-03,Complete,2026-08-29
TRN-00769,EMP-0582,Harassment Prevention,2026-01-15,2026-03-15,2026-03-14,Complete,2026-08-29
TRN-00770,EMP-0583,Harassment Prevention,2026-01-15,2026-03-15,2026-02-12,Complete,2026-08-29
TRN-00771,EMP-0583,Data Security,2026-04-01,2026-05-15,2026-05-06,Complete,2026-08-29
TRN-00772,EMP-0584,Harassment Prevention,2026-01-15,2026-03-15,2026-02-10,Complete,2026-08-29
TRN-00773,EMP-0585,Harassment Prevention,2026-01-15,2026-03-15,2026-02-27,Complete,2026-08-29
TRN-00774,EMP-0586,Harassment Prevention,2026-01-15,2026-03-15,2026-03-04,Complete,2026-08-29
TRN-00775,EMP-0587,Harassment Prevention,2026-01-15,2026-03-15,2026-02-26,Complete,2026-08-29
TRN-00776,EMP-0587,Data Security,2026-04-01,2026-05-15,2026-04-16,Complete,2026-08-29
TRN-00777,EMP-0588,Harassment Prevention,2026-01-15,2026-03-15,2026-02-10,Complete,2026-08-29
TRN-00778,EMP-0588,Data Security,2026-04-01,2026-05-15,2026-05-12,Complete,2026-08-29
TRN-00779,EMP-0589,Harassment Prevention,2026-01-15,2026-03-15,2026-02-10,Complete,2026-08-29
TRN-00780,EMP-0590,Harassment Prevention,2026-01-15,2026-03-15,2026-03-03,Complete,2026-08-29
TRN-00781,EMP-0591,Harassment Prevention,2026-01-15,2026-03-15,2026-02-03,Complete,2026-08-29
TRN-00782,EMP-0591,Data Security,2026-04-01,2026-05-15,2026-04-15,Complete,2026-08-29
TRN-00783,EMP-0592,Harassment Prevention,2026-01-15,2026-03-15,2026-02-15,Complete,2026-08-29
TRN-00784,EMP-0593,Harassment Prevention,2026-01-15,2026-03-15,2026-02-21,Complete,2026-08-29
TRN-00785,EMP-0593,Data Security,2026-04-01,2026-05-15,2026-05-03,Complete,2026-08-29
TRN-00786,EMP-0594,Harassment Prevention,2026-01-15,2026-03-15,2026-03-02,Complete,2026-08-29
TRN-00787,EMP-0595,Harassment Prevention,2026-01-15,2026-03-15,2026-02-12,Complete,2026-08-29
TRN-00788,EMP-0596,Harassment Prevention,2026-01-15,2026-03-15,2026-03-08,Complete,2026-08-29
TRN-00789,EMP-0597,Harassment Prevention,2026-01-15,2026-03-15,,Pending,2026-08-29
TRN-00790,EMP-0597,Data Security,2026-04-01,2026-05-15,2026-05-10,Complete,2026-08-29
TRN-00791,EMP-0598,Harassment Prevention,2026-01-15,2026-03-15,2026-03-10,Complete,2026-08-29
TRN-00792,EMP-0598,Data Security,2026-04-01,2026-05-15,2026-04-26,Complete,2026-08-29
TRN-00793,EMP-0599,Harassment Prevention,2026-01-15,2026-03-15,2026-02-10,Complete,2026-08-29
TRN-00794,EMP-0599,Data Security,2026-04-01,2026-05-15,2026-04-22,Complete,2026-08-29
TRN-00795,EMP-0601,Harassment Prevention,2026-01-15,2026-03-15,2026-02-13,Complete,2026-08-29
TRN-00796,EMP-0602,Harassment Prevention,2026-01-15,2026-03-15,2026-03-05,Complete,2026-08-29
TRN-00797,EMP-0603,Harassment Prevention,2026-01-15,2026-03-15,2026-02-05,Complete,2026-08-29
TRN-00798,EMP-0603,Data Security,2026-04-01,2026-05-15,2026-05-05,Complete,2026-08-29
TRN-00799,EMP-0604,Harassment Prevention,2026-01-15,2026-03-15,,Pending,2026-08-29
TRN-00800,EMP-0604,Data Security,2026-04-01,2026-05-15,2026-05-04,Complete,2026-08-29
TRN-00801,EMP-0605,Harassment Prevention,2026-01-15,2026-03-15,2026-02-27,Complete,2026-08-29
TRN-00802,EMP-0606,Harassment Prevention,2026-01-15,2026-03-15,2026-02-05,Complete,2026-08-29
TRN-00803,EMP-0606,Data Security,2026-04-01,2026-05-15,2026-05-13,Complete,2026-08-29
TRN-00804,EMP-0607,Harassment Prevention,2026-01-15,2026-03-15,2026-03-01,Complete,2026-08-29
TRN-00805,EMP-0609,Harassment Prevention,2026-01-15,2026-03-15,2026-02-19,Complete,2026-08-29
TRN-00806,EMP-0610,Harassment Prevention,2026-01-15,2026-03-15,2026-03-02,Complete,2026-08-29
TRN-00807,EMP-0610,Data Security,2026-04-01,2026-05-15,2026-05-13,Complete,2026-08-29
TRN-00808,EMP-0611,Harassment Prevention,2026-01-15,2026-03-15,2026-02-04,Complete,2026-08-29
TRN-00809,EMP-0613,Harassment Prevention,2026-01-15,2026-03-15,2026-02-04,Complete,2026-08-29
TRN-00810,EMP-0614,Harassment Prevention,2026-01-15,2026-03-15,2026-03-07,Complete,2026-08-29
TRN-00811,EMP-0615,Harassment Prevention,2026-01-15,2026-03-15,2026-03-02,Complete,2026-08-29
TRN-00812,EMP-0616,Harassment Prevention,2026-01-15,2026-03-15,2026-03-09,Complete,2026-08-29
TRN-00813,EMP-0617,Harassment Prevention,2026-01-15,2026-03-15,2026-02-21,Complete,2026-08-29
TRN-00814,EMP-0617,Data Security,2026-04-01,2026-05-15,2026-04-17,Complete,2026-08-29
TRN-00815,EMP-0618,Harassment Prevention,2026-01-15,2026-03-15,2026-02-11,Complete,2026-08-29
TRN-00816,EMP-0618,Data Security,2026-04-01,2026-05-15,2026-04-27,Complete,2026-08-29
TRN-00817,EMP-0619,Harassment Prevention,2026-01-15,2026-03-15,2026-03-07,Complete,2026-08-29
TRN-00818,EMP-0619,Data Security,2026-04-01,2026-05-15,2026-05-10,Complete,2026-08-29
TRN-00819,EMP-0620,Harassment Prevention,2026-01-15,2026-03-15,2026-02-20,Complete,2026-08-29
TRN-00820,EMP-0620,Data Security,2026-04-01,2026-05-15,2026-04-21,Complete,2026-08-29
TRN-00821,EMP-0621,Harassment Prevention,2026-01-15,2026-03-15,2026-02-04,Complete,2026-08-29
TRN-00822,EMP-0621,Data Security,2026-04-01,2026-05-15,2026-05-06,Complete,2026-08-29
TRN-00823,EMP-0622,Harassment Prevention,2026-01-15,2026-03-15,2026-02-28,Complete,2026-08-29
TRN-00824,EMP-0623,Harassment Prevention,2026-01-15,2026-03-15,2026-02-21,Complete,2026-08-29
TRN-00825,EMP-0624,Harassment Prevention,2026-01-15,2026-03-15,2026-03-13,Complete,2026-08-29
TRN-00826,EMP-0625,Harassment Prevention,2026-01-15,2026-03-15,2026-02-22,Complete,2026-08-29
TRN-00827,EMP-0626,Harassment Prevention,2026-01-15,2026-03-15,2026-03-03,Complete,2026-08-29
TRN-00828,EMP-0626,Data Security,2026-04-01,2026-05-15,2026-04-28,Complete,2026-08-29
TRN-00829,EMP-0627,Harassment Prevention,2026-01-15,2026-03-15,2026-02-18,Complete,2026-08-29
TRN-00830,EMP-0628,Harassment Prevention,2026-01-15,2026-03-15,2026-02-07,Complete,2026-08-29
TRN-00831,EMP-0628,Data Security,2026-04-01,2026-05-15,2026-05-09,Complete,2026-08-29
TRN-00832,EMP-0629,Harassment Prevention,2026-01-15,2026-03-15,2026-02-27,Complete,2026-08-29
TRN-00833,EMP-0629,Data Security,2026-04-01,2026-05-15,2026-04-21,Complete,2026-08-29
TRN-00834,EMP-0630,Harassment Prevention,2026-01-15,2026-03-15,2026-03-12,Complete,2026-08-29
TRN-00835,EMP-0630,Data Security,2026-04-01,2026-05-15,2026-04-29,Complete,2026-08-29
TRN-00836,EMP-0631,Harassment Prevention,2026-01-15,2026-03-15,2026-02-11,Complete,2026-08-29
TRN-00837,EMP-0631,Data Security,2026-04-01,2026-05-15,2026-04-24,Complete,2026-08-29
TRN-00838,EMP-0632,Harassment Prevention,2026-01-15,2026-03-15,2026-03-13,Complete,2026-08-29
TRN-00839,EMP-0632,Data Security,2026-04-01,2026-05-15,2026-04-21,Complete,2026-08-29
TRN-00840,EMP-0633,Harassment Prevention,2026-01-15,2026-03-15,2026-03-06,Complete,2026-08-29
TRN-00841,EMP-0633,Data Security,2026-04-01,2026-05-15,2026-05-13,Complete,2026-08-29
TRN-00842,EMP-0634,Harassment Prevention,2026-01-15,2026-03-15,2026-02-07,Complete,2026-08-29
TRN-00843,EMP-0635,Harassment Prevention,2026-01-15,2026-03-15,2026-03-13,Complete,2026-08-29
TRN-00844,EMP-0635,Data Security,2026-04-01,2026-05-15,2026-05-02,Complete,2026-08-29
TRN-00845,EMP-0637,Harassment Prevention,2026-01-15,2026-03-15,2026-02-24,Complete,2026-08-29
TRN-00846,EMP-0637,Data Security,2026-04-01,2026-05-15,2026-04-20,Complete,2026-08-29
TRN-00847,EMP-0638,Harassment Prevention,2026-01-15,2026-03-15,2026-02-25,Complete,2026-08-29
TRN-00848,EMP-0638,Data Security,2026-04-01,2026-05-15,2026-05-12,Complete,2026-08-29
TRN-00849,EMP-0640,Harassment Prevention,2026-01-15,2026-03-15,2026-02-28,Complete,2026-08-29
TRN-00850,EMP-0640,Data Security,2026-04-01,2026-05-15,2026-04-28,Complete,2026-08-29
TRN-00851,EMP-0641,Harassment Prevention,2026-01-15,2026-03-15,2026-03-12,Complete,2026-08-29
TRN-00852,EMP-0642,Harassment Prevention,2026-01-15,2026-03-15,2026-02-11,Complete,2026-08-29
TRN-00853,EMP-0642,Data Security,2026-04-01,2026-05-15,2026-04-22,Complete,2026-08-29
TRN-00854,EMP-0643,Harassment Prevention,2026-01-15,2026-03-15,2026-03-10,Complete,2026-08-29
TRN-00855,EMP-0643,Data Security,2026-04-01,2026-05-15,2026-04-25,Complete,2026-08-29
TRN-00856,EMP-0644,Harassment Prevention,2026-01-15,2026-03-15,2026-03-11,Complete,2026-08-29
TRN-00857,EMP-0645,Harassment Prevention,2026-01-15,2026-03-15,2026-02-17,Complete,2026-08-29
TRN-00858,EMP-0647,Harassment Prevention,2026-01-15,2026-03-15,2026-02-19,Complete,2026-08-29
TRN-00859,EMP-0647,Data Security,2026-04-01,2026-05-15,2026-04-27,Complete,2026-08-29
TRN-00860,EMP-0648,Harassment Prevention,2026-01-15,2026-03-15,2026-02-10,Complete,2026-08-29
TRN-00861,EMP-0649,Harassment Prevention,2026-01-15,2026-03-15,2026-02-07,Complete,2026-08-29
TRN-00862,EMP-0649,Data Security,2026-04-01,2026-05-15,2026-05-04,Complete,2026-08-29
TRN-00863,EMP-0650,Harassment Prevention,2026-01-15,2026-03-15,2026-02-27,Complete,2026-08-29
TRN-00864,EMP-0652,Harassment Prevention,2026-01-15,2026-03-15,2026-02-24,Complete,2026-08-29
TRN-00865,EMP-0652,Data Security,2026-04-01,2026-05-15,2026-04-29,Complete,2026-08-29
TRN-00866,EMP-0653,Harassment Prevention,2026-01-15,2026-03-15,2026-03-03,Complete,2026-08-29
TRN-00867,EMP-0655,Harassment Prevention,2026-01-15,2026-03-15,2026-02-06,Complete,2026-08-29
TRN-00868,EMP-0655,Data Security,2026-04-01,2026-05-15,2026-04-25,Complete,2026-08-29
TRN-00869,EMP-0656,Harassment Prevention,2026-01-15,2026-03-15,2026-02-28,Complete,2026-08-29
TRN-00870,EMP-0656,Data Security,2026-04-01,2026-05-15,2026-05-02,Complete,2026-08-29
TRN-00871,EMP-0657,Harassment Prevention,2026-01-15,2026-03-15,2026-03-13,Complete,2026-08-29
TRN-00872,EMP-0658,Harassment Prevention,2026-01-15,2026-03-15,,Pending,2026-08-29
TRN-00873,EMP-0658,Data Security,2026-04-01,2026-05-15,2026-04-21,Complete,2026-08-29
TRN-00874,EMP-0659,Harassment Prevention,2026-01-15,2026-03-15,2026-02-13,Complete,2026-08-29
TRN-00875,EMP-0661,Harassment Prevention,2026-01-15,2026-03-15,2026-02-13,Complete,2026-08-29
TRN-00876,EMP-0662,Harassment Prevention,2026-01-15,2026-03-15,2026-02-12,Complete,2026-08-29
TRN-00877,EMP-0662,Data Security,2026-04-01,2026-05-15,2026-05-04,Complete,2026-08-29
TRN-00878,EMP-0664,Harassment Prevention,2026-01-15,2026-03-15,2026-03-14,Complete,2026-08-29
TRN-00879,EMP-0664,Data Security,2026-04-01,2026-05-15,2026-04-17,Complete,2026-08-29
TRN-00880,EMP-0665,Harassment Prevention,2026-01-15,2026-03-15,2026-02-08,Complete,2026-08-29
TRN-00881,EMP-0665,Data Security,2026-04-01,2026-05-15,2026-04-21,Complete,2026-08-29
TRN-00882,EMP-0666,Harassment Prevention,2026-01-15,2026-03-15,2026-02-17,Complete,2026-08-29
TRN-00883,EMP-0666,Data Security,2026-04-01,2026-05-15,2026-05-03,Complete,2026-08-29
TRN-00884,EMP-0667,Harassment Prevention,2026-01-15,2026-03-15,,Pending,2026-08-29
TRN-00885,EMP-0667,Data Security,2026-04-01,2026-05-15,2026-05-09,Complete,2026-08-29
TRN-00886,EMP-0668,Harassment Prevention,2026-01-15,2026-03-15,2026-02-13,Complete,2026-08-29
TRN-00887,EMP-0669,Harassment Prevention,2026-01-15,2026-03-15,2026-02-16,Complete,2026-08-29
TRN-00888,EMP-0669,Data Security,2026-04-01,2026-05-15,2026-04-25,Complete,2026-08-29
TRN-00889,EMP-0670,Harassment Prevention,2026-01-15,2026-03-15,2026-02-05,Complete,2026-08-29
TRN-00890,EMP-0670,Data Security,2026-04-01,2026-05-15,2026-05-11,Complete,2026-08-29
TRN-00891,EMP-0671,Harassment Prevention,2026-01-15,2026-03-15,2026-02-22,Complete,2026-08-29
TRN-00892,EMP-0673,Harassment Prevention,2026-01-15,2026-03-15,2026-02-16,Complete,2026-08-29
TRN-00893,EMP-0674,Harassment Prevention,2026-01-15,2026-03-15,2026-02-24,Complete,2026-08-29
TRN-00894,EMP-0675,Harassment Prevention,2026-01-15,2026-03-15,2026-03-14,Complete,2026-08-29
TRN-00895,EMP-0675,Data Security,2026-04-01,2026-05-15,2026-05-11,Complete,2026-08-29
TRN-00896,EMP-0678,Harassment Prevention,2026-01-15,2026-03-15,2026-03-07,Complete,2026-08-29
TRN-00897,EMP-0678,Data Security,2026-04-01,2026-05-15,2026-04-18,Complete,2026-08-29
TRN-00898,EMP-0680,Harassment Prevention,2026-01-15,2026-03-15,2026-02-04,Complete,2026-08-29
TRN-00899,EMP-0681,Harassment Prevention,2026-01-15,2026-03-15,2026-02-15,Complete,2026-08-29
TRN-00900,EMP-0681,Data Security,2026-04-01,2026-05-15,2026-04-18,Complete,2026-08-29
TRN-00901,EMP-0682,Harassment Prevention,2026-01-15,2026-03-15,2026-02-22,Complete,2026-08-29
TRN-00902,EMP-0683,Harassment Prevention,2026-01-15,2026-03-15,2026-03-01,Complete,2026-08-29
TRN-00903,EMP-0683,Data Security,2026-04-01,2026-05-15,2026-04-28,Complete,2026-08-29
TRN-00904,EMP-0686,Harassment Prevention,2026-01-15,2026-03-15,2026-03-08,Complete,2026-08-29
TRN-00905,EMP-0686,Data Security,2026-04-01,2026-05-15,2026-04-27,Complete,2026-08-29
TRN-00906,EMP-0687,Harassment Prevention,2026-01-15,2026-03-15,2026-03-04,Complete,2026-08-29
TRN-00907,EMP-0687,Data Security,2026-04-01,2026-05-15,2026-05-04,Complete,2026-08-29
TRN-00908,EMP-0688,Harassment Prevention,2026-01-15,2026-03-15,2026-03-01,Complete,2026-08-29
TRN-00909,EMP-0690,Harassment Prevention,2026-01-15,2026-03-15,2026-03-11,Complete,2026-08-29
TRN-00910,EMP-0692,Harassment Prevention,2026-01-15,2026-03-15,2026-03-02,Complete,2026-08-29
TRN-00911,EMP-0692,Data Security,2026-04-01,2026-05-15,2026-05-13,Complete,2026-08-29
TRN-00912,EMP-0693,Harassment Prevention,2026-01-15,2026-03-15,2026-03-08,Complete,2026-08-29
TRN-00913,EMP-0694,Harassment Prevention,2026-01-15,2026-03-15,2026-03-06,Complete,2026-08-29
TRN-00914,EMP-0694,Data Security,2026-04-01,2026-05-15,2026-05-03,Complete,2026-08-29
TRN-00915,EMP-0695,Harassment Prevention,2026-01-15,2026-03-15,2026-03-06,Complete,2026-08-29
TRN-00916,EMP-0695,Data Security,2026-04-01,2026-05-15,2026-05-05,Complete,2026-08-29
TRN-00917,EMP-0696,Harassment Prevention,2026-01-15,2026-03-15,2026-02-21,Complete,2026-08-29
TRN-00918,EMP-0696,Data Security,2026-04-01,2026-05-15,2026-05-04,Complete,2026-08-29
TRN-00919,EMP-0697,Harassment Prevention,2026-01-15,2026-03-15,2026-02-24,Complete,2026-08-29
TRN-00920,EMP-0697,Data Security,2026-04-01,2026-05-15,2026-04-16,Complete,2026-08-29
TRN-00921,EMP-0699,Harassment Prevention,2026-01-15,2026-03-15,2026-02-15,Complete,2026-08-29
TRN-00922,EMP-0700,Harassment Prevention,2026-01-15,2026-03-15,2026-02-24,Complete,2026-08-29
TRN-00923,EMP-0700,Data Security,2026-04-01,2026-05-15,2026-05-02,Complete,2026-08-29
TRN-00924,EMP-0701,Harassment Prevention,2026-01-15,2026-03-15,,Pending,2026-08-29
TRN-00925,EMP-0701,Data Security,2026-04-01,2026-05-15,2026-05-12,Complete,2026-08-29
TRN-00926,EMP-0702,Harassment Prevention,2026-01-15,2026-03-15,2026-03-12,Complete,2026-08-29
TRN-00927,EMP-0702,Data Security,2026-04-01,2026-05-15,2026-05-04,Complete,2026-08-29
TRN-00928,EMP-0703,Harassment Prevention,2026-01-15,2026-03-15,2026-02-11,Complete,2026-08-29
TRN-00929,EMP-0703,Data Security,2026-04-01,2026-05-15,2026-04-17,Complete,2026-08-29
TRN-00930,EMP-0704,Harassment Prevention,2026-01-15,2026-03-15,2026-02-23,Complete,2026-08-29
TRN-00931,EMP-0704,Data Security,2026-04-01,2026-05-15,2026-04-21,Complete,2026-08-29
TRN-00932,EMP-0705,Harassment Prevention,2026-01-15,2026-03-15,2026-03-11,Complete,2026-08-29
TRN-00933,EMP-0705,Data Security,2026-04-01,2026-05-15,2026-04-23,Complete,2026-08-29
TRN-00934,EMP-0706,Harassment Prevention,2026-01-15,2026-03-15,2026-02-10,Complete,2026-08-29
TRN-00935,EMP-0706,Data Security,2026-04-01,2026-05-15,2026-05-06,Complete,2026-08-29
TRN-00936,EMP-0709,Harassment Prevention,2026-01-15,2026-03-15,2026-03-08,Complete,2026-08-29
TRN-00937,EMP-0709,Data Security,2026-04-01,2026-05-15,2026-05-07,Complete,2026-08-29
TRN-00938,EMP-0710,Harassment Prevention,2026-01-15,2026-03-15,2026-02-04,Complete,2026-08-29
TRN-00939,EMP-0710,Data Security,2026-04-01,2026-05-15,2026-05-02,Complete,2026-08-29
TRN-00940,EMP-0711,Harassment Prevention,2026-01-15,2026-03-15,2026-02-26,Complete,2026-08-29
TRN-00941,EMP-0711,Data Security,2026-04-01,2026-05-15,2026-05-14,Complete,2026-08-29
TRN-00942,EMP-0712,Harassment Prevention,2026-01-15,2026-03-15,2026-02-28,Complete,2026-08-29
TRN-00943,EMP-0712,Data Security,2026-04-01,2026-05-15,2026-04-24,Complete,2026-08-29
TRN-00944,EMP-0713,Harassment Prevention,2026-01-15,2026-03-15,,Pending,2026-08-29
TRN-00945,EMP-0713,Data Security,2026-04-01,2026-05-15,2026-04-21,Complete,2026-08-29
TRN-00946,EMP-0714,Harassment Prevention,2026-01-15,2026-03-15,2026-03-05,Complete,2026-08-29
TRN-00947,EMP-0714,Data Security,2026-04-01,2026-05-15,2026-05-12,Complete,2026-08-29
TRN-00948,EMP-0715,Harassment Prevention,2026-01-15,2026-03-15,2026-02-18,Complete,2026-08-29
TRN-00949,EMP-0715,Data Security,2026-04-01,2026-05-15,2026-04-20,Complete,2026-08-29
TRN-00950,EMP-0717,Harassment Prevention,2026-01-15,2026-03-15,2026-02-20,Complete,2026-08-29
TRN-00951,EMP-0718,Harassment Prevention,2026-01-15,2026-03-15,2026-03-07,Complete,2026-08-29
TRN-00952,EMP-0719,Harassment Prevention,2026-01-15,2026-03-15,2026-03-08,Complete,2026-08-29
TRN-00953,EMP-0719,Data Security,2026-04-01,2026-05-15,2026-04-24,Complete,2026-08-29
TRN-00954,EMP-0720,Harassment Prevention,2026-01-15,2026-03-15,2026-03-04,Complete,2026-08-29
TRN-00955,EMP-0720,Data Security,2026-04-01,2026-05-15,2026-04-29,Complete,2026-08-29
TRN-00956,EMP-0721,Harassment Prevention,2026-01-15,2026-03-15,2026-02-22,Complete,2026-08-29
TRN-00957,EMP-0722,Harassment Prevention,2026-01-15,2026-03-15,2026-03-05,Complete,2026-08-29
TRN-00958,EMP-0722,Data Security,2026-04-01,2026-05-15,2026-05-06,Complete,2026-08-29
TRN-00959,EMP-0723,Harassment Prevention,2026-01-15,2026-03-15,2026-02-28,Complete,2026-08-29
TRN-00960,EMP-0724,Harassment Prevention,2026-01-15,2026-03-15,2026-02-09,Complete,2026-08-29
TRN-00961,EMP-0724,Data Security,2026-04-01,2026-05-15,2026-05-09,Complete,2026-08-29
TRN-00962,EMP-0725,Harassment Prevention,2026-01-15,2026-03-15,2026-03-04,Complete,2026-08-29
TRN-00963,EMP-0726,Harassment Prevention,2026-01-15,2026-03-15,2026-03-07,Complete,2026-08-29
TRN-00964,EMP-0726,Data Security,2026-04-01,2026-05-15,2026-04-15,Complete,2026-08-29
TRN-00965,EMP-0727,Harassment Prevention,2026-01-15,2026-03-15,2026-02-06,Complete,2026-08-29
TRN-00966,EMP-0727,Data Security,2026-04-01,2026-05-15,2026-05-13,Complete,2026-08-29
TRN-00967,EMP-0728,Harassment Prevention,2026-01-15,2026-03-15,2026-02-11,Complete,2026-08-29
TRN-00968,EMP-0728,Data Security,2026-04-01,2026-05-15,2026-04-24,Complete,2026-08-29
TRN-00969,EMP-0729,Harassment Prevention,2026-01-15,2026-03-15,2026-02-27,Complete,2026-08-29
TRN-00970,EMP-0729,Data Security,2026-04-01,2026-05-15,2026-05-01,Complete,2026-08-29
TRN-00971,EMP-0730,Harassment Prevention,2026-01-15,2026-03-15,2026-02-18,Complete,2026-08-29
TRN-00972,EMP-0731,Harassment Prevention,2026-01-15,2026-03-15,2026-03-14,Complete,2026-08-29
TRN-00973,EMP-0731,Data Security,2026-04-01,2026-05-15,2026-04-21,Complete,2026-08-29
TRN-00974,EMP-0732,Harassment Prevention,2026-01-15,2026-03-15,2026-03-03,Complete,2026-08-29
TRN-00975,EMP-0732,Data Security,2026-04-01,2026-05-15,2026-05-07,Complete,2026-08-29
TRN-00976,EMP-0734,Harassment Prevention,2026-01-15,2026-03-15,2026-02-04,Complete,2026-08-29
TRN-00977,EMP-0735,Harassment Prevention,2026-01-15,2026-03-15,2026-02-16,Complete,2026-08-29
TRN-00978,EMP-0735,Data Security,2026-04-01,2026-05-15,2026-05-14,Complete,2026-08-29
TRN-00979,EMP-0736,Harassment Prevention,2026-01-15,2026-03-15,,Pending,2026-08-29
TRN-00980,EMP-0736,Data Security,2026-04-01,2026-05-15,2026-05-03,Complete,2026-08-29
TRN-00981,EMP-0737,Harassment Prevention,2026-01-15,2026-03-15,2026-02-27,Complete,2026-08-29
TRN-00982,EMP-0737,Data Security,2026-04-01,2026-05-15,2026-04-30,Complete,2026-08-29
TRN-00983,EMP-0738,Harassment Prevention,2026-01-15,2026-03-15,2026-03-05,Complete,2026-08-29
TRN-00984,EMP-0739,Harassment Prevention,2026-01-15,2026-03-15,2026-02-14,Complete,2026-08-29
TRN-00985,EMP-0739,Data Security,2026-04-01,2026-05-15,2026-04-21,Complete,2026-08-29
TRN-00986,EMP-0740,Harassment Prevention,2026-01-15,2026-03-15,2026-02-26,Complete,2026-08-29
TRN-00987,EMP-0740,Data Security,2026-04-01,2026-05-15,2026-05-09,Complete,2026-08-29
TRN-00988,EMP-0743,Harassment Prevention,2026-01-15,2026-03-15,2026-03-14,Complete,2026-08-29
TRN-00989,EMP-0743,Data Security,2026-04-01,2026-05-15,2026-04-29,Complete,2026-08-29
TRN-00990,EMP-0744,Harassment Prevention,2026-01-15,2026-03-15,2026-03-09,Complete,2026-08-29
TRN-00991,EMP-0744,Data Security,2026-04-01,2026-05-15,2026-04-15,Complete,2026-08-29
TRN-00992,EMP-0745,Harassment Prevention,2026-01-15,2026-03-15,2026-02-03,Complete,2026-08-29
TRN-00993,EMP-0745,Data Security,2026-04-01,2026-05-15,2026-05-14,Complete,2026-08-29
TRN-00994,EMP-0746,Harassment Prevention,2026-01-15,2026-03-15,,Pending,2026-08-29
TRN-00995,EMP-0747,Harassment Prevention,2026-01-15,2026-03-15,2026-03-12,Complete,2026-08-29
TRN-00996,EMP-0747,Data Security,2026-04-01,2026-05-15,2026-04-25,Complete,2026-08-29
TRN-00997,EMP-0748,Harassment Prevention,2026-01-15,2026-03-15,2026-02-22,Complete,2026-08-29
TRN-00998,EMP-0748,Data Security,2026-04-01,2026-05-15,2026-04-25,Complete,2026-08-29
TRN-00999,EMP-0749,Harassment Prevention,2026-01-15,2026-03-15,2026-02-12,Complete,2026-08-29
TRN-01000,EMP-0749,Data Security,2026-04-01,2026-05-15,2026-05-14,Complete,2026-08-29
TRN-01001,EMP-0750,Harassment Prevention,2026-01-15,2026-03-15,2026-03-07,Complete,2026-08-29
TRN-01002,EMP-0750,Data Security,2026-04-01,2026-05-15,2026-04-22,Complete,2026-08-29
TRN-01003,EMP-0751,Harassment Prevention,2026-01-15,2026-03-15,2026-02-04,Complete,2026-08-29
TRN-01004,EMP-0752,Harassment Prevention,2026-01-15,2026-03-15,2026-03-08,Complete,2026-08-29
TRN-01005,EMP-0752,Data Security,2026-04-01,2026-05-15,2026-05-09,Complete,2026-08-29
TRN-01006,EMP-0753,Harassment Prevention,2026-01-15,2026-03-15,2026-02-13,Complete,2026-08-29
TRN-01007,EMP-0753,Data Security,2026-04-01,2026-05-15,2026-04-21,Complete,2026-08-29
TRN-01008,EMP-0754,Harassment Prevention,2026-01-15,2026-03-15,2026-03-12,Complete,2026-08-29
TRN-01009,EMP-0756,Harassment Prevention,2026-01-15,2026-03-15,2026-02-18,Complete,2026-08-29
TRN-01010,EMP-0757,Harassment Prevention,2026-01-15,2026-03-15,2026-03-13,Complete,2026-08-29
TRN-01011,EMP-0757,Data Security,2026-04-01,2026-05-15,2026-04-27,Complete,2026-08-29
TRN-01012,EMP-0759,Harassment Prevention,2026-01-15,2026-03-15,2026-02-10,Complete,2026-08-29
TRN-01013,EMP-0761,Harassment Prevention,2026-01-15,2026-03-15,2026-03-13,Complete,2026-08-29
TRN-01014,EMP-0762,Harassment Prevention,2026-01-15,2026-03-15,2026-02-06,Complete,2026-08-29
TRN-01015,EMP-0763,Harassment Prevention,2026-01-15,2026-03-15,2026-02-24,Complete,2026-08-29
TRN-01016,EMP-0764,Harassment Prevention,2026-01-15,2026-03-15,2026-02-13,Complete,2026-08-29
TRN-01017,EMP-0764,Data Security,2026-04-01,2026-05-15,2026-05-02,Complete,2026-08-29
TRN-01018,EMP-0765,Harassment Prevention,2026-01-15,2026-03-15,2026-02-13,Complete,2026-08-29
TRN-01019,EMP-0766,Harassment Prevention,2026-01-15,2026-03-15,2026-03-10,Complete,2026-08-29
TRN-01020,EMP-0766,Data Security,2026-04-01,2026-05-15,2026-05-10,Complete,2026-08-29
TRN-01021,EMP-0767,Harassment Prevention,2026-01-15,2026-03-15,2026-02-23,Complete,2026-08-29
TRN-01022,EMP-0768,Harassment Prevention,2026-01-15,2026-03-15,2026-02-23,Complete,2026-08-29
TRN-01023,EMP-0768,Data Security,2026-04-01,2026-05-15,2026-04-28,Complete,2026-08-29
TRN-01024,EMP-0770,Harassment Prevention,2026-01-15,2026-03-15,2026-03-13,Complete,2026-08-29
TRN-01025,EMP-0771,Harassment Prevention,2026-01-15,2026-03-15,2026-02-10,Complete,2026-08-29
TRN-01026,EMP-0771,Data Security,2026-04-01,2026-05-15,2026-04-20,Complete,2026-08-29
TRN-01027,EMP-0772,Harassment Prevention,2026-01-15,2026-03-15,,Pending,2026-08-29
TRN-01028,EMP-0772,Data Security,2026-04-01,2026-05-15,2026-05-01,Complete,2026-08-29
TRN-01029,EMP-0773,Harassment Prevention,2026-01-15,2026-03-15,2026-03-02,Complete,2026-08-29
TRN-01030,EMP-0774,Harassment Prevention,2026-01-15,2026-03-15,2026-03-11,Complete,2026-08-29
TRN-01031,EMP-0774,Data Security,2026-04-01,2026-05-15,2026-05-02,Complete,2026-08-29
TRN-01032,EMP-0775,Harassment Prevention,2026-01-15,2026-03-15,2026-03-03,Complete,2026-08-29
TRN-01033,EMP-0776,Harassment Prevention,2026-01-15,2026-03-15,,Pending,2026-08-29
TRN-01034,EMP-0777,Harassment Prevention,2026-01-15,2026-03-15,2026-02-12,Complete,2026-08-29
TRN-01035,EMP-0778,Harassment Prevention,2026-01-15,2026-03-15,2026-02-16,Complete,2026-08-29
TRN-01036,EMP-0779,Harassment Prevention,2026-01-15,2026-03-15,2026-02-20,Complete,2026-08-29
TRN-01037,EMP-0779,Data Security,2026-04-01,2026-05-15,2026-04-18,Complete,2026-08-29
TRN-01038,EMP-0780,Harassment Prevention,2026-01-15,2026-03-15,2026-03-05,Complete,2026-08-29
TRN-01039,EMP-0781,Harassment Prevention,2026-01-15,2026-03-15,2026-03-06,Complete,2026-08-29
TRN-01040,EMP-0782,Harassment Prevention,2026-01-15,2026-03-15,,Pending,2026-08-29
TRN-01041,EMP-0783,Harassment Prevention,2026-01-15,2026-03-15,2026-02-06,Complete,2026-08-29
TRN-01042,EMP-0784,Harassment Prevention,2026-01-15,2026-03-15,2026-03-07,Complete,2026-08-29
TRN-01043,EMP-0784,Data Security,2026-04-01,2026-05-15,2026-05-08,Complete,2026-08-29
TRN-01044,EMP-0785,Harassment Prevention,2026-01-15,2026-03-15,2026-02-06,Complete,2026-08-29
TRN-01045,EMP-0786,Harassment Prevention,2026-01-15,2026-03-15,2026-02-23,Complete,2026-08-29
TRN-01046,EMP-0786,Data Security,2026-04-01,2026-05-15,2026-04-15,Complete,2026-08-29
TRN-01047,EMP-0787,Harassment Prevention,2026-01-15,2026-03-15,2026-03-13,Complete,2026-08-29
TRN-01048,EMP-0787,Data Security,2026-04-01,2026-05-15,2026-05-01,Complete,2026-08-29
TRN-01049,EMP-0788,Harassment Prevention,2026-01-15,2026-03-15,2026-02-18,Complete,2026-08-29
TRN-01050,EMP-0789,Harassment Prevention,2026-01-15,2026-03-15,2026-03-11,Complete,2026-08-29
TRN-01051,EMP-0789,Data Security,2026-04-01,2026-05-15,2026-05-11,Complete,2026-08-29
TRN-01052,EMP-0790,Harassment Prevention,2026-01-15,2026-03-15,2026-02-28,Complete,2026-08-29
TRN-01053,EMP-0790,Data Security,2026-04-01,2026-05-15,2026-05-13,Complete,2026-08-29
TRN-01054,EMP-0791,Harassment Prevention,2026-01-15,2026-03-15,,Pending,2026-08-29
TRN-01055,EMP-0791,Data Security,2026-04-01,2026-05-15,2026-05-10,Complete,2026-08-29
TRN-01056,EMP-0792,Harassment Prevention,2026-01-15,2026-03-15,2026-03-02,Complete,2026-08-29
TRN-01057,EMP-0792,Data Security,2026-04-01,2026-05-15,2026-05-11,Complete,2026-08-29
TRN-01058,EMP-0793,Harassment Prevention,2026-01-15,2026-03-15,2026-03-08,Complete,2026-08-29
TRN-01059,EMP-0794,Harassment Prevention,2026-01-15,2026-03-15,2026-02-17,Complete,2026-08-29
TRN-01060,EMP-0794,Data Security,2026-04-01,2026-05-15,2026-04-23,Complete,2026-08-29
TRN-01061,EMP-0795,Harassment Prevention,2026-01-15,2026-03-15,2026-02-17,Complete,2026-08-29
TRN-01062,EMP-0795,Data Security,2026-04-01,2026-05-15,2026-05-12,Complete,2026-08-29
TRN-01063,EMP-0796,Harassment Prevention,2026-01-15,2026-03-15,2026-02-09,Complete,2026-08-29
TRN-01064,EMP-0796,Data Security,2026-04-01,2026-05-15,2026-04-19,Complete,2026-08-29
TRN-01065,EMP-0797,Harassment Prevention,2026-01-15,2026-03-15,2026-02-09,Complete,2026-08-29
TRN-01066,EMP-0797,Data Security,2026-04-01,2026-05-15,2026-05-05,Complete,2026-08-29
TRN-01067,EMP-0798,Harassment Prevention,2026-01-15,2026-03-15,2026-03-10,Complete,2026-08-29
TRN-01068,EMP-0799,Harassment Prevention,2026-01-15,2026-03-15,2026-03-03,Complete,2026-08-29
TRN-01069,EMP-0800,Harassment Prevention,2026-01-15,2026-03-15,2026-02-20,Complete,2026-08-29
TRN-01070,EMP-0800,Data Security,2026-04-01,2026-05-15,2026-05-02,Complete,2026-08-29
TRN-01071,EMP-0801,Harassment Prevention,2026-01-15,2026-03-15,2026-02-28,Complete,2026-08-29
TRN-01072,EMP-0802,Harassment Prevention,2026-01-15,2026-03-15,,Pending,2026-08-29
TRN-01073,EMP-0802,Data Security,2026-04-01,2026-05-15,2026-05-09,Complete,2026-08-29
TRN-01074,EMP-0803,Harassment Prevention,2026-01-15,2026-03-15,2026-02-10,Complete,2026-08-29
TRN-01075,EMP-0804,Harassment Prevention,2026-01-15,2026-03-15,2026-02-07,Complete,2026-08-29
TRN-01076,EMP-0805,Harassment Prevention,2026-01-15,2026-03-15,2026-02-05,Complete,2026-08-29
TRN-01077,EMP-0805,Data Security,2026-04-01,2026-05-15,2026-04-24,Complete,2026-08-29
TRN-01078,EMP-0806,Harassment Prevention,2026-01-15,2026-03-15,2026-03-12,Complete,2026-08-29
TRN-01079,EMP-0806,Data Security,2026-04-01,2026-05-15,2026-05-06,Complete,2026-08-29
TRN-01080,EMP-0807,Harassment Prevention,2026-01-15,2026-03-15,2026-02-21,Complete,2026-08-29
TRN-01081,EMP-0808,Harassment Prevention,2026-01-15,2026-03-15,2026-02-05,Complete,2026-08-29
TRN-01082,EMP-0809,Harassment Prevention,2026-01-15,2026-03-15,2026-02-06,Complete,2026-08-29
TRN-01083,EMP-0809,Data Security,2026-04-01,2026-05-15,2026-04-16,Complete,2026-08-29
TRN-01084,EMP-0810,Harassment Prevention,2026-01-15,2026-03-15,2026-03-03,Complete,2026-08-29
TRN-01085,EMP-0810,Data Security,2026-04-01,2026-05-15,2026-04-28,Complete,2026-08-29
TRN-01086,EMP-0811,Harassment Prevention,2026-01-15,2026-03-15,2026-02-04,Complete,2026-08-29
TRN-01087,EMP-0811,Data Security,2026-04-01,2026-05-15,2026-04-23,Complete,2026-08-29
TRN-01088,EMP-0812,Harassment Prevention,2026-01-15,2026-03-15,2026-03-14,Complete,2026-08-29
TRN-01089,EMP-0813,Harassment Prevention,2026-01-15,2026-03-15,2026-02-18,Complete,2026-08-29
TRN-01090,EMP-0813,Data Security,2026-04-01,2026-05-15,2026-04-19,Complete,2026-08-29
TRN-01091,EMP-0814,Harassment Prevention,2026-01-15,2026-03-15,2026-03-09,Complete,2026-08-29
TRN-01092,EMP-0815,Harassment Prevention,2026-01-15,2026-03-15,2026-03-14,Complete,2026-08-29
TRN-01093,EMP-0815,Data Security,2026-04-01,2026-05-15,2026-04-29,Complete,2026-08-29
TRN-01094,EMP-0816,Harassment Prevention,2026-01-15,2026-03-15,2026-02-07,Complete,2026-08-29
TRN-01095,EMP-0816,Data Security,2026-04-01,2026-05-15,2026-04-20,Complete,2026-08-29
TRN-01096,EMP-0818,Harassment Prevention,2026-01-15,2026-03-15,2026-02-23,Complete,2026-08-29
TRN-01097,EMP-0819,Harassment Prevention,2026-01-15,2026-03-15,2026-02-10,Complete,2026-08-29
TRN-01098,EMP-0819,Data Security,2026-04-01,2026-05-15,2026-05-05,Complete,2026-08-29
TRN-01099,EMP-0820,Harassment Prevention,2026-01-15,2026-03-15,2026-02-23,Complete,2026-08-29
TRN-01100,EMP-0821,Harassment Prevention,2026-01-15,2026-03-15,2026-03-12,Complete,2026-08-29
TRN-01101,EMP-0822,Harassment Prevention,2026-01-15,2026-03-15,2026-02-03,Complete,2026-08-29
TRN-01102,EMP-0823,Harassment Prevention,2026-01-15,2026-03-15,2026-02-20,Complete,2026-08-29
TRN-01103,EMP-0825,Harassment Prevention,2026-01-15,2026-03-15,2026-02-27,Complete,2026-08-29
TRN-01104,EMP-0825,Data Security,2026-04-01,2026-05-15,2026-04-27,Complete,2026-08-29
TRN-01105,EMP-0826,Harassment Prevention,2026-01-15,2026-03-15,2026-02-07,Complete,2026-08-29
TRN-01106,EMP-0827,Harassment Prevention,2026-01-15,2026-03-15,2026-03-03,Complete,2026-08-29
TRN-01107,EMP-0829,Harassment Prevention,2026-01-15,2026-03-15,2026-02-07,Complete,2026-08-29
TRN-01108,EMP-0830,Harassment Prevention,2026-01-15,2026-03-15,2026-02-08,Complete,2026-08-29
TRN-01109,EMP-0830,Data Security,2026-04-01,2026-05-15,2026-04-29,Complete,2026-08-29
TRN-01110,EMP-0831,Harassment Prevention,2026-01-15,2026-03-15,2026-02-10,Complete,2026-08-29
TRN-01111,EMP-0831,Data Security,2026-04-01,2026-05-15,2026-05-12,Complete,2026-08-29
TRN-01112,EMP-0832,Harassment Prevention,2026-01-15,2026-03-15,2026-03-11,Complete,2026-08-29
TRN-01113,EMP-0832,Data Security,2026-04-01,2026-05-15,2026-04-26,Complete,2026-08-29
TRN-01114,EMP-0833,Harassment Prevention,2026-01-15,2026-03-15,2026-02-15,Complete,2026-08-29
TRN-01115,EMP-0834,Harassment Prevention,2026-01-15,2026-03-15,2026-02-18,Complete,2026-08-29
TRN-01116,EMP-0834,Data Security,2026-04-01,2026-05-15,2026-04-23,Complete,2026-08-29
TRN-01117,EMP-0835,Harassment Prevention,2026-01-15,2026-03-15,2026-02-06,Complete,2026-08-29
TRN-01118,EMP-0836,Harassment Prevention,2026-01-15,2026-03-15,2026-02-15,Complete,2026-08-29
TRN-01119,EMP-0836,Data Security,2026-04-01,2026-05-15,2026-04-27,Complete,2026-08-29
TRN-01120,EMP-0837,Harassment Prevention,2026-01-15,2026-03-15,2026-02-06,Complete,2026-08-29
TRN-01121,EMP-0837,Data Security,2026-04-01,2026-05-15,2026-05-03,Complete,2026-08-29
TRN-01122,EMP-0838,Harassment Prevention,2026-01-15,2026-03-15,2026-02-04,Complete,2026-08-29
TRN-01123,EMP-0838,Data Security,2026-04-01,2026-05-15,2026-05-04,Complete,2026-08-29
TRN-01124,EMP-0839,Harassment Prevention,2026-01-15,2026-03-15,2026-02-24,Complete,2026-08-29
TRN-01125,EMP-0839,Data Security,2026-04-01,2026-05-15,2026-05-07,Complete,2026-08-29
TRN-01126,EMP-0840,Harassment Prevention,2026-01-15,2026-03-15,2026-03-03,Complete,2026-08-29
TRN-01127,EMP-0842,Harassment Prevention,2026-01-15,2026-03-15,2026-02-24,Complete,2026-08-29
TRN-01128,EMP-0842,Data Security,2026-04-01,2026-05-15,2026-04-30,Complete,2026-08-29
TRN-01129,EMP-0843,Harassment Prevention,2026-01-15,2026-03-15,2026-03-08,Complete,2026-08-29
TRN-01130,EMP-0843,Data Security,2026-04-01,2026-05-15,2026-04-30,Complete,2026-08-29
TRN-01131,EMP-0844,Harassment Prevention,2026-01-15,2026-03-15,2026-03-09,Complete,2026-08-29
TRN-01132,EMP-0845,Harassment Prevention,2026-01-15,2026-03-15,2026-02-27,Complete,2026-08-29
TRN-01133,EMP-0845,Data Security,2026-04-01,2026-05-15,2026-05-11,Complete,2026-08-29
TRN-01134,EMP-0846,Harassment Prevention,2026-01-15,2026-03-15,2026-03-10,Complete,2026-08-29
TRN-01135,EMP-0846,Data Security,2026-04-01,2026-05-15,2026-04-20,Complete,2026-08-29
TRN-01136,EMP-0847,Harassment Prevention,2026-01-15,2026-03-15,2026-02-22,Complete,2026-08-29
TRN-01137,EMP-0847,Data Security,2026-04-01,2026-05-15,2026-04-28,Complete,2026-08-29
TRN-01138,EMP-0849,Harassment Prevention,2026-01-15,2026-03-15,2026-03-01,Complete,2026-08-29
TRN-01139,EMP-0849,Data Security,2026-04-01,2026-05-15,2026-05-01,Complete,2026-08-29
TRN-01140,EMP-0850,Harassment Prevention,2026-01-15,2026-03-15,2026-02-24,Complete,2026-08-29
TRN-01141,EMP-0850,Data Security,2026-04-01,2026-05-15,2026-05-10,Complete,2026-08-29
TRN-01142,EMP-0851,Harassment Prevention,2026-01-15,2026-03-15,,Pending,2026-08-29
TRN-01143,EMP-0851,Data Security,2026-04-01,2026-05-15,2026-04-29,Complete,2026-08-29
TRN-01144,EMP-0852,Harassment Prevention,2026-01-15,2026-03-15,2026-02-26,Complete,2026-08-29
TRN-01145,EMP-0852,Data Security,2026-04-01,2026-05-15,2026-05-02,Complete,2026-08-29
TRN-01146,EMP-0853,Harassment Prevention,2026-01-15,2026-03-15,2026-02-04,Complete,2026-08-29
TRN-01147,EMP-0853,Data Security,2026-04-01,2026-05-15,2026-05-01,Complete,2026-08-29
TRN-01148,EMP-0854,Harassment Prevention,2026-01-15,2026-03-15,,Pending,2026-08-29
TRN-01149,EMP-0854,Data Security,2026-04-01,2026-05-15,2026-04-30,Complete,2026-08-29
TRN-01150,EMP-0855,Harassment Prevention,2026-01-15,2026-03-15,2026-03-03,Complete,2026-08-29
TRN-01151,EMP-0856,Harassment Prevention,2026-01-15,2026-03-15,2026-03-10,Complete,2026-08-29
TRN-01152,EMP-0857,Harassment Prevention,2026-01-15,2026-03-15,2026-02-17,Complete,2026-08-29
TRN-01153,EMP-0857,Data Security,2026-04-01,2026-05-15,2026-05-09,Complete,2026-08-29
TRN-01154,EMP-0858,Harassment Prevention,2026-01-15,2026-03-15,2026-03-11,Complete,2026-08-29
TRN-01155,EMP-0858,Data Security,2026-04-01,2026-05-15,2026-04-29,Complete,2026-08-29
TRN-01156,EMP-0859,Harassment Prevention,2026-01-15,2026-03-15,2026-02-06,Complete,2026-08-29
TRN-01157,EMP-0861,Harassment Prevention,2026-01-15,2026-03-15,2026-03-06,Complete,2026-08-29
TRN-01158,EMP-0861,Data Security,2026-04-01,2026-05-15,2026-04-25,Complete,2026-08-29
TRN-01159,EMP-0862,Harassment Prevention,2026-01-15,2026-03-15,2026-02-13,Complete,2026-08-29
TRN-01160,EMP-0863,Harassment Prevention,2026-01-15,2026-03-15,2026-03-08,Complete,2026-08-29
TRN-01161,EMP-0864,Harassment Prevention,2026-01-15,2026-03-15,2026-02-24,Complete,2026-08-29
TRN-01162,EMP-0865,Harassment Prevention,2026-01-15,2026-03-15,2026-02-06,Complete,2026-08-29
TRN-01163,EMP-0865,Data Security,2026-04-01,2026-05-15,2026-05-05,Complete,2026-08-29
TRN-01164,EMP-0866,Harassment Prevention,2026-01-15,2026-03-15,2026-02-08,Complete,2026-08-29
TRN-01165,EMP-0866,Data Security,2026-04-01,2026-05-15,2026-05-03,Complete,2026-08-29
TRN-01166,EMP-0867,Harassment Prevention,2026-01-15,2026-03-15,,Pending,2026-08-29
TRN-01167,EMP-0868,Harassment Prevention,2026-01-15,2026-03-15,2026-02-28,Complete,2026-08-29
TRN-01168,EMP-0869,Harassment Prevention,2026-01-15,2026-03-15,2026-03-02,Complete,2026-08-29
TRN-01169,EMP-0869,Data Security,2026-04-01,2026-05-15,2026-05-01,Complete,2026-08-29
TRN-01170,EMP-0870,Harassment Prevention,2026-01-15,2026-03-15,2026-03-14,Complete,2026-08-29
TRN-01171,EMP-0870,Data Security,2026-04-01,2026-05-15,2026-04-20,Complete,2026-08-29
TRN-01172,EMP-0871,Harassment Prevention,2026-01-15,2026-03-15,2026-02-28,Complete,2026-08-29
TRN-01173,EMP-0871,Data Security,2026-04-01,2026-05-15,2026-04-22,Complete,2026-08-29
TRN-01174,EMP-0872,Harassment Prevention,2026-01-15,2026-03-15,2026-02-21,Complete,2026-08-29
TRN-01175,EMP-0873,Harassment Prevention,2026-01-15,2026-03-15,2026-02-11,Complete,2026-08-29
TRN-01176,EMP-0873,Data Security,2026-04-01,2026-05-15,2026-05-09,Complete,2026-08-29
TRN-01177,EMP-0874,Harassment Prevention,2026-01-15,2026-03-15,2026-03-13,Complete,2026-08-29
TRN-01178,EMP-0875,Harassment Prevention,2026-01-15,2026-03-15,2026-03-09,Complete,2026-08-29
TRN-01179,EMP-0876,Harassment Prevention,2026-01-15,2026-03-15,2026-02-27,Complete,2026-08-29
TRN-01180,EMP-0876,Data Security,2026-04-01,2026-05-15,2026-05-07,Complete,2026-08-29
TRN-01181,EMP-0877,Harassment Prevention,2026-01-15,2026-03-15,2026-03-07,Complete,2026-08-29
TRN-01182,EMP-0877,Data Security,2026-04-01,2026-05-15,2026-05-02,Complete,2026-08-29
TRN-01183,EMP-0878,Harassment Prevention,2026-01-15,2026-03-15,2026-02-14,Complete,2026-08-29
TRN-01184,EMP-0878,Data Security,2026-04-01,2026-05-15,2026-05-09,Complete,2026-08-29
TRN-01185,EMP-0879,Harassment Prevention,2026-01-15,2026-03-15,2026-03-05,Complete,2026-08-29
TRN-01186,EMP-0879,Data Security,2026-04-01,2026-05-15,2026-04-23,Complete,2026-08-29
TRN-01187,EMP-0880,Harassment Prevention,2026-01-15,2026-03-15,2026-02-04,Complete,2026-08-29
TRN-01188,EMP-0880,Data Security,2026-04-01,2026-05-15,2026-05-08,Complete,2026-08-29
TRN-01189,EMP-0881,Harassment Prevention,2026-01-15,2026-03-15,2026-02-16,Complete,2026-08-29
TRN-01190,EMP-0882,Harassment Prevention,2026-01-15,2026-03-15,2026-02-14,Complete,2026-08-29
TRN-01191,EMP-0882,Data Security,2026-04-01,2026-05-15,2026-05-11,Complete,2026-08-29
TRN-01192,EMP-0883,Harassment Prevention,2026-01-15,2026-03-15,,Pending,2026-08-29
TRN-01193,EMP-0884,Harassment Prevention,2026-01-15,2026-03-15,2026-02-11,Complete,2026-08-29
TRN-01194,EMP-0885,Harassment Prevention,2026-01-15,2026-03-15,2026-03-07,Complete,2026-08-29
TRN-01195,EMP-0885,Data Security,2026-04-01,2026-05-15,2026-05-09,Complete,2026-08-29
TRN-01196,EMP-0886,Harassment Prevention,2026-01-15,2026-03-15,2026-02-25,Complete,2026-08-29
TRN-01197,EMP-0886,Data Security,2026-04-01,2026-05-15,2026-05-02,Complete,2026-08-29
TRN-01198,EMP-0888,Harassment Prevention,2026-01-15,2026-03-15,2026-02-23,Complete,2026-08-29
TRN-01199,EMP-0888,Data Security,2026-04-01,2026-05-15,2026-04-26,Complete,2026-08-29
TRN-01200,EMP-0890,Harassment Prevention,2026-01-15,2026-03-15,2026-02-21,Complete,2026-08-29
TRN-01201,EMP-0890,Data Security,2026-04-01,2026-05-15,2026-04-29,Complete,2026-08-29
TRN-01202,EMP-0891,Harassment Prevention,2026-01-15,2026-03-15,2026-03-03,Complete,2026-08-29
TRN-01203,EMP-0891,Data Security,2026-04-01,2026-05-15,2026-05-11,Complete,2026-08-29
TRN-01204,EMP-0892,Harassment Prevention,2026-01-15,2026-03-15,2026-02-27,Complete,2026-08-29
TRN-01205,EMP-0892,Data Security,2026-04-01,2026-05-15,2026-05-01,Complete,2026-08-29
TRN-01206,EMP-0893,Harassment Prevention,2026-01-15,2026-03-15,2026-03-13,Complete,2026-08-29
TRN-01207,EMP-0893,Data Security,2026-04-01,2026-05-15,2026-04-23,Complete,2026-08-29
TRN-01208,EMP-0894,Harassment Prevention,2026-01-15,2026-03-15,2026-02-07,Complete,2026-08-29
TRN-01209,EMP-0894,Data Security,2026-04-01,2026-05-15,2026-05-13,Complete,2026-08-29
TRN-01210,EMP-0895,Harassment Prevention,2026-01-15,2026-03-15,2026-03-02,Complete,2026-08-29
TRN-01211,EMP-0895,Data Security,2026-04-01,2026-05-15,2026-05-04,Complete,2026-08-29
TRN-01212,EMP-0896,Harassment Prevention,2026-01-15,2026-03-15,2026-03-03,Complete,2026-08-29
TRN-01213,EMP-0897,Harassment Prevention,2026-01-15,2026-03-15,2026-02-27,Complete,2026-08-29
TRN-01214,EMP-0897,Data Security,2026-04-01,2026-05-15,2026-05-07,Complete,2026-08-29
TRN-01215,EMP-0898,Harassment Prevention,2026-01-15,2026-03-15,2026-02-20,Complete,2026-08-29
TRN-01216,EMP-0898,Data Security,2026-04-01,2026-05-15,2026-05-08,Complete,2026-08-29
TRN-01217,EMP-0900,Harassment Prevention,2026-01-15,2026-03-15,2026-03-14,Complete,2026-08-29
TRN-01218,EMP-0901,Harassment Prevention,2026-01-15,2026-03-15,2026-02-03,Complete,2026-08-29
TRN-01219,EMP-0901,Data Security,2026-04-01,2026-05-15,2026-04-23,Complete,2026-08-29
TRN-01220,EMP-0902,Harassment Prevention,2026-01-15,2026-03-15,2026-03-13,Complete,2026-08-29
TRN-01221,EMP-0902,Data Security,2026-04-01,2026-05-15,2026-05-01,Complete,2026-08-29
TRN-01222,EMP-0904,Harassment Prevention,2026-01-15,2026-03-15,2026-02-12,Complete,2026-08-29
TRN-01223,EMP-0904,Data Security,2026-04-01,2026-05-15,2026-05-11,Complete,2026-08-29
TRN-01224,EMP-0905,Harassment Prevention,2026-01-15,2026-03-15,,Pending,2026-08-29
TRN-01225,EMP-0905,Data Security,2026-04-01,2026-05-15,2026-04-15,Complete,2026-08-29
TRN-01226,EMP-0906,Harassment Prevention,2026-01-15,2026-03-15,2026-02-19,Complete,2026-08-29
TRN-01227,EMP-0906,Data Security,2026-04-01,2026-05-15,2026-05-14,Complete,2026-08-29
TRN-01228,EMP-0907,Harassment Prevention,2026-01-15,2026-03-15,2026-02-24,Complete,2026-08-29
TRN-01229,EMP-0907,Data Security,2026-04-01,2026-05-15,2026-05-13,Complete,2026-08-29
TRN-01230,EMP-0908,Harassment Prevention,2026-01-15,2026-03-15,2026-02-23,Complete,2026-08-29
TRN-01231,EMP-0909,Harassment Prevention,2026-01-15,2026-03-15,2026-03-03,Complete,2026-08-29
TRN-01232,EMP-0910,Harassment Prevention,2026-01-15,2026-03-15,2026-02-23,Complete,2026-08-29
TRN-01233,EMP-0911,Harassment Prevention,2026-01-15,2026-03-15,2026-02-28,Complete,2026-08-29
TRN-01234,EMP-0912,Harassment Prevention,2026-01-15,2026-03-15,2026-02-15,Complete,2026-08-29
TRN-01235,EMP-0912,Data Security,2026-04-01,2026-05-15,2026-05-02,Complete,2026-08-29
TRN-01236,EMP-0913,Harassment Prevention,2026-01-15,2026-03-15,2026-02-26,Complete,2026-08-29
TRN-01237,EMP-0913,Data Security,2026-04-01,2026-05-15,2026-04-29,Complete,2026-08-29
TRN-01238,EMP-0914,Harassment Prevention,2026-01-15,2026-03-15,,Pending,2026-08-29
TRN-01239,EMP-0914,Data Security,2026-04-01,2026-05-15,2026-04-19,Complete,2026-08-29
TRN-01240,EMP-0915,Harassment Prevention,2026-01-15,2026-03-15,2026-03-01,Complete,2026-08-29
TRN-01241,EMP-0916,Harassment Prevention,2026-01-15,2026-03-15,2026-03-05,Complete,2026-08-29
TRN-01242,EMP-0916,Data Security,2026-04-01,2026-05-15,2026-04-27,Complete,2026-08-29
TRN-01243,EMP-0917,Harassment Prevention,2026-01-15,2026-03-15,2026-02-17,Complete,2026-08-29
TRN-01244,EMP-0918,Harassment Prevention,2026-01-15,2026-03-15,2026-02-27,Complete,2026-08-29
TRN-01245,EMP-0918,Data Security,2026-04-01,2026-05-15,2026-05-05,Complete,2026-08-29
TRN-01246,EMP-0920,Harassment Prevention,2026-01-15,2026-03-15,,Pending,2026-08-29
TRN-01247,EMP-0921,Harassment Prevention,2026-01-15,2026-03-15,2026-03-07,Complete,2026-08-29
TRN-01248,EMP-0921,Data Security,2026-04-01,2026-05-15,2026-04-22,Complete,2026-08-29
TRN-01249,EMP-0922,Harassment Prevention,2026-01-15,2026-03-15,2026-02-06,Complete,2026-08-29
TRN-01250,EMP-0922,Data Security,2026-04-01,2026-05-15,2026-04-25,Complete,2026-08-29
TRN-01251,EMP-0923,Harassment Prevention,2026-01-15,2026-03-15,2026-02-12,Complete,2026-08-29
TRN-01252,EMP-0923,Data Security,2026-04-01,2026-05-15,2026-04-22,Complete,2026-08-29
TRN-01253,EMP-0924,Harassment Prevention,2026-01-15,2026-03-15,2026-02-08,Complete,2026-08-29
TRN-01254,EMP-0924,Data Security,2026-04-01,2026-05-15,2026-05-09,Complete,2026-08-29
TRN-01255,EMP-0925,Harassment Prevention,2026-01-15,2026-03-15,2026-03-04,Complete,2026-08-29
TRN-01256,EMP-0927,Harassment Prevention,2026-01-15,2026-03-15,2026-02-21,Complete,2026-08-29
TRN-01257,EMP-0928,Harassment Prevention,2026-01-15,2026-03-15,2026-02-12,Complete,2026-08-29
TRN-01258,EMP-0928,Data Security,2026-04-01,2026-05-15,2026-04-22,Complete,2026-08-29
TRN-01259,EMP-0929,Harassment Prevention,2026-01-15,2026-03-15,2026-02-06,Complete,2026-08-29
TRN-01260,EMP-0929,Data Security,2026-04-01,2026-05-15,2026-04-23,Complete,2026-08-29
TRN-01261,EMP-0930,Harassment Prevention,2026-01-15,2026-03-15,2026-02-15,Complete,2026-08-29
TRN-01262,EMP-0930,Data Security,2026-04-01,2026-05-15,2026-04-29,Complete,2026-08-29
TRN-01263,EMP-0931,Harassment Prevention,2026-01-15,2026-03-15,2026-03-06,Complete,2026-08-29
TRN-01264,EMP-0931,Data Security,2026-04-01,2026-05-15,2026-04-26,Complete,2026-08-29
TRN-01265,EMP-0932,Harassment Prevention,2026-01-15,2026-03-15,2026-02-23,Complete,2026-08-29
TRN-01266,EMP-0932,Data Security,2026-04-01,2026-05-15,2026-05-06,Complete,2026-08-29
TRN-01267,EMP-0933,Harassment Prevention,2026-01-15,2026-03-15,2026-02-07,Complete,2026-08-29
TRN-01268,EMP-0933,Data Security,2026-04-01,2026-05-15,2026-04-30,Complete,2026-08-29
TRN-01269,EMP-0934,Harassment Prevention,2026-01-15,2026-03-15,2026-03-14,Complete,2026-08-29
TRN-01270,EMP-0934,Data Security,2026-04-01,2026-05-15,2026-04-26,Complete,2026-08-29
TRN-01271,EMP-0935,Harassment Prevention,2026-01-15,2026-03-15,2026-02-28,Complete,2026-08-29
TRN-01272,EMP-0935,Data Security,2026-04-01,2026-05-15,2026-04-28,Complete,2026-08-29
TRN-01273,EMP-0936,Harassment Prevention,2026-01-15,2026-03-15,2026-02-25,Complete,2026-08-29
TRN-01274,EMP-0937,Harassment Prevention,2026-01-15,2026-03-15,2026-03-03,Complete,2026-08-29
TRN-01275,EMP-0938,Harassment Prevention,2026-01-15,2026-03-15,2026-02-05,Complete,2026-08-29
TRN-01276,EMP-0939,Harassment Prevention,2026-01-15,2026-03-15,2026-03-06,Complete,2026-08-29
TRN-01277,EMP-0940,Harassment Prevention,2026-01-15,2026-03-15,2026-03-05,Complete,2026-08-29
TRN-01278,EMP-0940,Data Security,2026-04-01,2026-05-15,2026-04-20,Complete,2026-08-29
TRN-01279,EMP-0941,Harassment Prevention,2026-01-15,2026-03-15,2026-02-14,Complete,2026-08-29
TRN-01280,EMP-0941,Data Security,2026-04-01,2026-05-15,2026-04-25,Complete,2026-08-29
TRN-01281,EMP-0942,Harassment Prevention,2026-01-15,2026-03-15,2026-02-18,Complete,2026-08-29
TRN-01282,EMP-0942,Data Security,2026-04-01,2026-05-15,2026-04-27,Complete,2026-08-29
TRN-01283,EMP-0943,Harassment Prevention,2026-01-15,2026-03-15,2026-02-06,Complete,2026-08-29
TRN-01284,EMP-0943,Data Security,2026-04-01,2026-05-15,2026-04-27,Complete,2026-08-29
TRN-01285,EMP-0945,Harassment Prevention,2026-01-15,2026-03-15,2026-02-03,Complete,2026-08-29
TRN-01286,EMP-0945,Data Security,2026-04-01,2026-05-15,2026-05-04,Complete,2026-08-29
TRN-01287,EMP-0946,Harassment Prevention,2026-01-15,2026-03-15,2026-02-27,Complete,2026-08-29
TRN-01288,EMP-0946,Data Security,2026-04-01,2026-05-15,2026-04-24,Complete,2026-08-29
TRN-01289,EMP-0947,Harassment Prevention,2026-01-15,2026-03-15,2026-02-04,Complete,2026-08-29
TRN-01290,EMP-0948,Harassment Prevention,2026-01-15,2026-03-15,2026-03-09,Complete,2026-08-29
TRN-01291,EMP-0948,Data Security,2026-04-01,2026-05-15,2026-05-09,Complete,2026-08-29
TRN-01292,EMP-0949,Harassment Prevention,2026-01-15,2026-03-15,2026-03-03,Complete,2026-08-29
TRN-01293,EMP-0949,Data Security,2026-04-01,2026-05-15,2026-05-12,Complete,2026-08-29
TRN-01294,EMP-0951,Harassment Prevention,2026-01-15,2026-03-15,,Pending,2026-08-29
TRN-01295,EMP-0951,Data Security,2026-04-01,2026-05-15,2026-05-02,Complete,2026-08-29
TRN-01296,EMP-0952,Harassment Prevention,2026-01-15,2026-03-15,2026-02-09,Complete,2026-08-29
TRN-01297,EMP-0952,Data Security,2026-04-01,2026-05-15,2026-04-29,Complete,2026-08-29
TRN-01298,EMP-0953,Harassment Prevention,2026-01-15,2026-03-15,2026-02-18,Complete,2026-08-29
TRN-01299,EMP-0954,Harassment Prevention,2026-01-15,2026-03-15,2026-02-12,Complete,2026-08-29
TRN-01300,EMP-0954,Data Security,2026-04-01,2026-05-15,2026-04-19,Complete,2026-08-29
TRN-01301,EMP-0956,Harassment Prevention,2026-01-15,2026-03-15,2026-03-03,Complete,2026-08-29
TRN-01302,EMP-0956,Data Security,2026-04-01,2026-05-15,2026-05-01,Complete,2026-08-29
TRN-01303,EMP-0957,Harassment Prevention,2026-01-15,2026-03-15,2026-03-13,Complete,2026-08-29
TRN-01304,EMP-0959,Harassment Prevention,2026-01-15,2026-03-15,2026-03-13,Complete,2026-08-29
TRN-01305,EMP-0959,Data Security,2026-04-01,2026-05-15,2026-04-27,Complete,2026-08-29
TRN-01306,EMP-0960,Harassment Prevention,2026-01-15,2026-03-15,2026-02-22,Complete,2026-08-29
TRN-01307,EMP-0960,Data Security,2026-04-01,2026-05-15,2026-04-17,Complete,2026-08-29
TRN-01308,EMP-0961,Harassment Prevention,2026-01-15,2026-03-15,2026-02-07,Complete,2026-08-29
TRN-01309,EMP-0962,Harassment Prevention,2026-01-15,2026-03-15,2026-03-01,Complete,2026-08-29
TRN-01310,EMP-0963,Harassment Prevention,2026-01-15,2026-03-15,2026-02-26,Complete,2026-08-29
TRN-01311,EMP-0964,Harassment Prevention,2026-01-15,2026-03-15,2026-02-09,Complete,2026-08-29
TRN-01312,EMP-0964,Data Security,2026-04-01,2026-05-15,2026-05-04,Complete,2026-08-29
TRN-01313,EMP-0965,Harassment Prevention,2026-01-15,2026-03-15,2026-02-03,Complete,2026-08-29
TRN-01314,EMP-0965,Data Security,2026-04-01,2026-05-15,2026-05-07,Complete,2026-08-29
TRN-01315,EMP-0966,Harassment Prevention,2026-01-15,2026-03-15,,Pending,2026-08-29
TRN-01316,EMP-0966,Data Security,2026-04-01,2026-05-15,2026-05-12,Complete,2026-08-29
TRN-01317,EMP-0967,Harassment Prevention,2026-01-15,2026-03-15,2026-02-15,Complete,2026-08-29
TRN-01318,EMP-0968,Harassment Prevention,2026-01-15,2026-03-15,2026-02-23,Complete,2026-08-29
TRN-01319,EMP-0968,Data Security,2026-04-01,2026-05-15,2026-05-08,Complete,2026-08-29
TRN-01320,EMP-0969,Harassment Prevention,2026-01-15,2026-03-15,2026-02-07,Complete,2026-08-29
TRN-01321,EMP-0971,Harassment Prevention,2026-01-15,2026-03-15,2026-02-15,Complete,2026-08-29
TRN-01322,EMP-0972,Harassment Prevention,2026-01-15,2026-03-15,2026-02-13,Complete,2026-08-29
TRN-01323,EMP-0973,Harassment Prevention,2026-01-15,2026-03-15,2026-03-14,Complete,2026-08-29
TRN-01324,EMP-0974,Harassment Prevention,2026-01-15,2026-03-15,2026-02-06,Complete,2026-08-29
TRN-01325,EMP-0974,Data Security,2026-04-01,2026-05-15,2026-04-22,Complete,2026-08-29
TRN-01326,EMP-0975,Harassment Prevention,2026-01-15,2026-03-15,2026-02-17,Complete,2026-08-29
TRN-01327,EMP-0976,Harassment Prevention,2026-01-15,2026-03-15,2026-02-16,Complete,2026-08-29
TRN-01328,EMP-0976,Data Security,2026-04-01,2026-05-15,2026-05-09,Complete,2026-08-29
TRN-01329,EMP-0978,Harassment Prevention,2026-01-15,2026-03-15,2026-02-11,Complete,2026-08-29
TRN-01330,EMP-0980,Harassment Prevention,2026-01-15,2026-03-15,2026-03-07,Complete,2026-08-29
TRN-01331,EMP-0980,Data Security,2026-04-01,2026-05-15,2026-05-12,Complete,2026-08-29
TRN-01332,EMP-0983,Harassment Prevention,2026-01-15,2026-03-15,2026-02-24,Complete,2026-08-29
TRN-01333,EMP-0984,Harassment Prevention,2026-01-15,2026-03-15,2026-02-28,Complete,2026-08-29
TRN-01334,EMP-0984,Data Security,2026-04-01,2026-05-15,2026-05-12,Complete,2026-08-29
TRN-01335,EMP-0985,Harassment Prevention,2026-01-15,2026-03-15,2026-03-06,Complete,2026-08-29
TRN-01336,EMP-0985,Data Security,2026-04-01,2026-05-15,2026-05-11,Complete,2026-08-29
TRN-01337,EMP-0986,Harassment Prevention,2026-01-15,2026-03-15,2026-02-12,Complete,2026-08-29
TRN-01338,EMP-0986,Data Security,2026-04-01,2026-05-15,2026-04-25,Complete,2026-08-29
TRN-01339,EMP-0988,Harassment Prevention,2026-01-15,2026-03-15,2026-02-19,Complete,2026-08-29
TRN-01340,EMP-0988,Data Security,2026-04-01,2026-05-15,2026-05-12,Complete,2026-08-29
TRN-01341,EMP-0989,Harassment Prevention,2026-01-15,2026-03-15,2026-03-03,Complete,2026-08-29
TRN-01342,EMP-0989,Data Security,2026-04-01,2026-05-15,2026-04-29,Complete,2026-08-29
TRN-01343,EMP-0990,Harassment Prevention,2026-01-15,2026-03-15,2026-02-20,Complete,2026-08-29
TRN-01344,EMP-0991,Harassment Prevention,2026-01-15,2026-03-15,2026-03-10,Complete,2026-08-29
TRN-01345,EMP-0993,Harassment Prevention,2026-01-15,2026-03-15,2026-02-13,Complete,2026-08-29
TRN-01346,EMP-0993,Data Security,2026-04-01,2026-05-15,2026-05-05,Complete,2026-08-29
TRN-01347,EMP-0994,Harassment Prevention,2026-01-15,2026-03-15,2026-02-22,Complete,2026-08-29
TRN-01348,EMP-0996,Harassment Prevention,2026-01-15,2026-03-15,2026-02-25,Complete,2026-08-29
TRN-01349,EMP-0996,Data Security,2026-04-01,2026-05-15,2026-04-16,Complete,2026-08-29
TRN-01350,EMP-0997,Harassment Prevention,2026-01-15,2026-03-15,2026-03-05,Complete,2026-08-29
TRN-01351,EMP-0998,Harassment Prevention,2026-01-15,2026-03-15,2026-02-06,Complete,2026-08-29
TRN-01352,EMP-0999,Harassment Prevention,2026-01-15,2026-03-15,2026-02-08,Complete,2026-08-29
TRN-01353,EMP-1000,Harassment Prevention,2026-01-15,2026-03-15,2026-03-02,Complete,2026-08-29
TRN-01354,EMP-1000,Data Security,2026-04-01,2026-05-15,2026-05-08,Complete,2026-08-29
