document_id,employee_id,document_type,document_status,received_date,effective_date,expiration_date,last_updated_date
DOC-00001,EMP-0001,Offer Letter,Complete,2020-11-19,2020-11-24,,2022-08-26
DOC-00002,EMP-0001,I-9,Complete,2020-11-26,2020-11-24,,2025-09-16
DOC-00004,EMP-0002,Offer Letter,Complete,2019-06-23,2019-06-28,,2024-05-08
DOC-00005,EMP-0002,I-9,Complete,2019-06-29,2019-06-28,,2022-11-25
DOC-00006,EMP-0003,Offer Letter,Complete,2019-06-02,2019-06-09,,2024-10-17
DOC-00007,EMP-0003,I-9,Complete,2019-06-10,2019-06-09,,2023-03-02
DOC-00008,EMP-0004,Offer Letter,Complete,2020-04-20,2020-04-21,,2021-03-15
DOC-00009,EMP-0004,I-9,Complete,2020-04-24,2020-04-21,,2023-08-02
DOC-00010,EMP-0005,Offer Letter,Complete,2018-08-21,2018-08-28,,2020-04-22
DOC-00011,EMP-0005,I-9,Complete,2018-08-29,2018-08-28,,2023-08-20
DOC-00012,EMP-0006,Offer Letter,Complete,2022-04-28,2022-04-30,,2022-09-15
DOC-00013,EMP-0006,I-9,Complete,2022-04-30,2022-04-30,,2024-02-12
DOC-00014,EMP-0007,Offer Letter,Complete,2019-01-17,2019-01-20,,2020-04-12
DOC-00015,EMP-0007,I-9,Complete,2019-01-21,2019-01-20,,2026-06-28
DOC-00016,EMP-0008,Offer Letter,Complete,2023-04-17,2023-04-25,,2024-11-18
DOC-00017,EMP-0008,I-9,Complete,2023-04-27,2023-04-25,,2024-07-14
DOC-00018,EMP-0009,Offer Letter,Complete,2018-12-10,2018-12-17,,2026-07-22
DOC-00019,EMP-0009,I-9,Complete,2018-12-19,2018-12-17,,2020-09-21
DOC-00021,EMP-0010,Offer Letter,Complete,2022-11-03,2022-11-05,,2025-11-23
DOC-00022,EMP-0010,I-9,Complete,2022-11-06,2022-11-05,,2024-08-31
DOC-00024,EMP-0011,Offer Letter,Complete,2024-03-28,2024-04-07,,2024-12-15
DOC-00025,EMP-0011,I-9,Complete,2024-04-10,2024-04-07,,2025-11-15
DOC-00026,EMP-0012,Offer Letter,Complete,2018-12-10,2018-12-11,,2022-02-04
DOC-00027,EMP-0012,I-9,Complete,2018-12-14,2018-12-11,,2025-04-26
DOC-00028,EMP-0013,Offer Letter,Complete,2017-06-06,2017-06-10,,2024-12-25
DOC-00029,EMP-0013,I-9,Complete,2017-06-13,2017-06-10,,2019-12-23
DOC-00030,EMP-0014,Offer Letter,Complete,2025-08-15,2025-08-19,,2025-11-25
DOC-00031,EMP-0014,I-9,Complete,2025-08-19,2025-08-19,,2026-07-26
DOC-00032,EMP-0015,Offer Letter,Complete,2026-03-05,2026-03-15,,2026-08-03
DOC-00033,EMP-0015,I-9,Complete,2026-03-16,2026-03-15,,2026-08-13
DOC-00034,EMP-0016,Offer Letter,Complete,2023-05-01,2023-05-05,,2025-09-06
DOC-00035,EMP-0016,I-9,Complete,2023-05-07,2023-05-05,,2025-04-21
DOC-00036,EMP-0017,Offer Letter,Complete,2024-03-12,2024-03-19,,2025-07-06
DOC-00037,EMP-0017,I-9,Complete,2024-03-21,2024-03-19,,2026-02-14
DOC-00038,EMP-0018,Offer Letter,Complete,2025-11-11,2025-11-13,,2026-04-19
DOC-00039,EMP-0018,I-9,Complete,2025-11-13,2025-11-13,,2026-02-27
DOC-00040,EMP-0019,Offer Letter,Complete,2016-05-31,2016-05-31,,2024-05-16
DOC-00041,EMP-0019,I-9,Complete,2016-05-31,2016-05-31,,2021-05-17
DOC-00042,EMP-0020,Offer Letter,Complete,2020-05-16,2020-05-18,,2021-10-09
DOC-00043,EMP-0020,I-9,Complete,2020-05-20,2020-05-18,,2026-06-11
DOC-00044,EMP-0021,Offer Letter,Complete,2021-01-23,2021-01-29,,2022-01-08
DOC-00045,EMP-0021,I-9,Complete,2021-01-31,2021-01-29,,2025-11-11
DOC-00046,EMP-0022,Offer Letter,Complete,2018-09-16,2018-09-25,,2020-05-04
DOC-00047,EMP-0022,I-9,Complete,2018-09-28,2018-09-25,,2020-10-07
DOC-00048,EMP-0022,Offboarding Form,Complete,2022-08-24,2022-08-24,,2026-08-29
DOC-00049,EMP-0023,Offer Letter,Complete,2025-02-04,2025-02-05,,2025-09-06
DOC-00050,EMP-0023,I-9,Complete,2025-02-08,2025-02-05,,2025-09-08
DOC-00051,EMP-0024,Offer Letter,Complete,2017-01-27,2017-02-04,,2018-09-02
DOC-00052,EMP-0024,I-9,Complete,2017-02-04,2017-02-04,,2019-08-27
DOC-00053,EMP-0025,Offer Letter,Complete,2022-11-14,2022-11-21,,2025-10-29
DOC-00054,EMP-0025,I-9,Complete,2022-11-23,2022-11-21,,2023-08-14
DOC-00055,EMP-0026,Offer Letter,Complete,2021-08-13,2021-08-23,,2024-01-03
DOC-00056,EMP-0026,I-9,Complete,2021-08-25,2021-08-23,,2022-02-14
DOC-00057,EMP-0026,Offboarding Form,Complete,2026-02-22,2026-02-22,,2026-08-29
DOC-00058,EMP-0027,Offer Letter,Complete,2017-05-11,2017-05-16,,2025-11-06
DOC-00059,EMP-0027,I-9,Complete,2017-05-17,2017-05-16,,2024-06-28
DOC-00060,EMP-0028,Offer Letter,Complete,2022-09-09,2022-09-11,,2025-08-28
DOC-00061,EMP-0028,I-9,Complete,2022-09-14,2022-09-11,,2025-05-31
DOC-00062,EMP-0029,Offer Letter,Complete,2020-12-02,2020-12-12,,2021-10-26
DOC-00063,EMP-0029,I-9,Complete,2020-12-12,2020-12-12,,2025-06-05
DOC-00064,EMP-0029,Offboarding Form,Complete,2023-06-25,2023-06-25,,2026-08-29
DOC-00065,EMP-0030,Offer Letter,Complete,2026-06-03,2026-06-07,,2026-07-15
DOC-00066,EMP-0030,I-9,Complete,2026-06-07,2026-06-07,,2026-06-27
DOC-00067,EMP-0031,Offer Letter,Complete,2019-08-23,2019-09-02,,2022-01-22
DOC-00068,EMP-0031,I-9,Complete,2019-09-05,2019-09-02,,2020-02-26
DOC-00069,EMP-0032,Offer Letter,Complete,2018-07-12,2018-07-22,,2022-11-25
DOC-00070,EMP-0032,I-9,Complete,2018-07-24,2018-07-22,,2026-02-05
DOC-00071,EMP-0033,Offer Letter,Complete,2021-06-26,2021-06-26,,2023-08-09
DOC-00072,EMP-0033,I-9,Complete,2021-06-27,2021-06-26,,2021-12-17
DOC-00073,EMP-0034,Offer Letter,Complete,2017-07-25,2017-07-29,,2023-06-19
DOC-00074,EMP-0034,I-9,Complete,2017-07-30,2017-07-29,,2021-10-19
DOC-00075,EMP-0035,Offer Letter,Complete,2023-08-02,2023-08-10,,2025-08-04
DOC-00076,EMP-0035,I-9,Complete,2023-08-13,2023-08-10,,2026-04-22
DOC-00077,EMP-0036,Offer Letter,Complete,2022-01-31,2022-02-09,,2023-02-04
DOC-00078,EMP-0036,I-9,Complete,2022-02-11,2022-02-09,,2022-02-13
DOC-00079,EMP-0036,Offboarding Form,Complete,2025-05-01,2025-05-01,,2026-08-29
DOC-00080,EMP-0037,Offer Letter,Complete,2020-06-19,2020-06-29,,2023-06-23
DOC-00081,EMP-0037,I-9,Complete,2020-06-29,2020-06-29,,2024-11-21
DOC-00082,EMP-0037,Offboarding Form,Complete,2021-02-13,2021-02-13,,2026-08-29
DOC-00083,EMP-0038,Offer Letter,Complete,2016-12-24,2016-12-29,,2022-07-30
DOC-00084,EMP-0038,I-9,Complete,2017-01-01,2016-12-29,,2025-03-21
DOC-00085,EMP-0039,Offer Letter,Complete,2026-01-21,2026-01-24,,2026-03-01
DOC-00086,EMP-0039,I-9,Complete,2026-01-26,2026-01-24,,2026-03-02
DOC-00087,EMP-0040,Offer Letter,Complete,2019-04-20,2019-04-20,,2021-01-27
DOC-00088,EMP-0040,I-9,Complete,2019-04-23,2019-04-20,,2022-09-11
DOC-00089,EMP-0041,Offer Letter,Complete,2025-06-16,2025-06-26,,2025-06-26
DOC-00090,EMP-0041,I-9,Complete,2025-06-29,2025-06-26,,2026-07-01
DOC-00091,EMP-0041,Offboarding Form,Complete,2026-04-24,2026-04-24,,2026-08-29
DOC-00092,EMP-0042,Offer Letter,Complete,2023-03-05,2023-03-12,,2025-01-08
DOC-00093,EMP-0042,I-9,Complete,2023-03-12,2023-03-12,,2024-03-22
DOC-00094,EMP-0043,Offer Letter,Complete,2024-06-25,2024-06-30,,2025-10-15
DOC-00095,EMP-0043,I-9,Complete,2024-07-03,2024-06-30,,2025-09-05
DOC-00096,EMP-0044,Offer Letter,Complete,2021-02-01,2021-02-04,,2025-04-20
DOC-00097,EMP-0044,I-9,Complete,2021-02-04,2021-02-04,,2024-07-28
DOC-00098,EMP-0044,Offboarding Form,Complete,2023-11-07,2023-11-07,,2026-08-29
DOC-00099,EMP-0045,Offer Letter,Complete,2018-04-22,2018-05-01,,2019-01-27
DOC-00100,EMP-0045,I-9,Complete,2018-05-04,2018-05-01,,2020-06-08
DOC-00101,EMP-0045,Offboarding Form,Complete,2022-11-24,2022-11-24,,2026-08-29
DOC-00102,EMP-0046,Offer Letter,Complete,2024-01-28,2024-02-02,,2025-06-20
DOC-00103,EMP-0046,I-9,Complete,2024-02-03,2024-02-02,,2024-06-09
DOC-00104,EMP-0047,Offer Letter,Complete,2022-04-10,2022-04-11,,2025-08-11
DOC-00105,EMP-0047,I-9,Complete,2022-04-12,2022-04-11,,2025-01-18
DOC-00106,EMP-0047,Offboarding Form,Complete,2023-03-30,2023-03-30,,2026-08-29
DOC-00107,EMP-0048,Offer Letter,Complete,2018-04-23,2018-05-03,,2023-06-18
DOC-00108,EMP-0048,I-9,Complete,2018-05-06,2018-05-03,,2022-10-14
DOC-00109,EMP-0049,Offer Letter,Complete,2019-12-07,2019-12-16,,2023-02-04
DOC-00110,EMP-0049,I-9,Complete,2019-12-18,2019-12-16,,2024-10-25
DOC-00111,EMP-0050,Offer Letter,Complete,2021-09-25,2021-10-03,,2024-08-26
DOC-00112,EMP-0050,I-9,Complete,2021-10-05,2021-10-03,,2026-07-11
DOC-00113,EMP-0051,Offer Letter,Complete,2022-12-10,2022-12-16,,2025-09-08
DOC-00114,EMP-0051,I-9,Complete,2022-12-18,2022-12-16,,2024-08-26
DOC-00115,EMP-0052,Offer Letter,Complete,2025-08-21,2025-08-27,,2025-12-01
DOC-00116,EMP-0052,I-9,Complete,2025-08-28,2025-08-27,,2025-11-27
DOC-00117,EMP-0053,Offer Letter,Complete,2017-03-22,2017-03-27,,2017-05-27
DOC-00118,EMP-0053,I-9,Complete,2017-03-29,2017-03-27,,2017-04-27
DOC-00119,EMP-0054,Offer Letter,Complete,2024-07-24,2024-08-02,,2026-05-05
DOC-00120,EMP-0054,I-9,Complete,2024-08-04,2024-08-02,,2025-05-14
DOC-00121,EMP-0055,Offer Letter,Complete,2021-01-06,2021-01-13,,2026-07-10
DOC-00122,EMP-0055,I-9,Complete,2021-01-16,2021-01-13,,2021-05-30
DOC-00123,EMP-0055,Offboarding Form,Complete,2025-09-22,2025-09-22,,2026-08-29
DOC-00124,EMP-0056,Offer Letter,Complete,2017-10-24,2017-10-27,,2022-08-10
DOC-00125,EMP-0056,I-9,Complete,2017-10-27,2017-10-27,,2019-05-03
DOC-00126,EMP-0057,Offer Letter,Complete,2025-12-27,2025-12-30,,2026-03-07
DOC-00127,EMP-0057,I-9,Complete,2025-12-30,2025-12-30,,2026-02-03
DOC-00128,EMP-0058,Offer Letter,Complete,2020-06-14,2020-06-16,,2023-06-03
DOC-00129,EMP-0058,I-9,Complete,2020-06-18,2020-06-16,,2022-11-04
DOC-00130,EMP-0058,Offboarding Form,Complete,2020-10-07,2020-10-07,,2026-08-29
DOC-00131,EMP-0059,Offer Letter,Complete,2024-06-24,2024-07-04,,2025-03-10
DOC-00132,EMP-0059,I-9,Complete,2024-07-06,2024-07-04,,2025-02-24
DOC-00133,EMP-0060,Offer Letter,Complete,2022-07-06,2022-07-09,,2026-06-07
DOC-00134,EMP-0060,I-9,Complete,2022-07-10,2022-07-09,,2023-07-08
DOC-00135,EMP-0061,Offer Letter,Complete,2018-01-13,2018-01-17,,2022-11-04
DOC-00136,EMP-0061,I-9,Complete,2018-01-17,2018-01-17,,2019-12-03
DOC-00137,EMP-0061,Offboarding Form,Complete,2019-02-26,2019-02-26,,2026-08-29
DOC-00138,EMP-0062,Offer Letter,Complete,2023-11-22,2023-11-25,,2026-03-10
DOC-00139,EMP-0062,I-9,Complete,2023-11-25,2023-11-25,,2025-04-12
DOC-00140,EMP-0063,Offer Letter,Complete,2016-09-12,2016-09-15,,2025-10-26
DOC-00141,EMP-0063,I-9,Complete,2016-09-17,2016-09-15,,2018-06-10
DOC-00142,EMP-0064,Offer Letter,Complete,2016-06-12,2016-06-21,,2026-06-08
DOC-00143,EMP-0064,I-9,Complete,2016-06-24,2016-06-21,,2021-07-01
DOC-00144,EMP-0065,Offer Letter,Complete,2022-10-26,2022-10-27,,2026-06-22
DOC-00145,EMP-0065,I-9,Complete,2022-10-27,2022-10-27,,2025-09-20
DOC-00146,EMP-0066,Offer Letter,Complete,2024-05-13,2024-05-16,,2025-09-28
DOC-00147,EMP-0066,I-9,Complete,2024-05-19,2024-05-16,,2024-10-20
DOC-00148,EMP-0067,Offer Letter,Complete,2025-06-29,2025-06-29,,2025-10-13
DOC-00149,EMP-0067,I-9,Complete,2025-06-30,2025-06-29,,2025-08-03
DOC-00150,EMP-0068,Offer Letter,Complete,2024-02-24,2024-03-03,,2026-07-24
DOC-00151,EMP-0068,I-9,Complete,2024-03-05,2024-03-03,,2024-10-07
DOC-00152,EMP-0069,Offer Letter,Complete,2016-08-31,2016-09-01,,2026-08-13
DOC-00153,EMP-0069,I-9,Complete,2016-09-03,2016-09-01,,2026-05-19
DOC-00154,EMP-0070,Offer Letter,Complete,2026-05-14,2026-05-22,,2026-06-25
DOC-00155,EMP-0070,I-9,Complete,2026-05-24,2026-05-22,,2026-07-10
DOC-00156,EMP-0071,Offer Letter,Complete,2019-02-02,2019-02-11,,2024-02-02
DOC-00157,EMP-0071,I-9,Complete,2019-02-12,2019-02-11,,2020-01-21
DOC-00158,EMP-0072,Offer Letter,Complete,2023-04-04,2023-04-05,,2024-09-06
DOC-00159,EMP-0072,I-9,Complete,2023-04-06,2023-04-05,,2025-03-01
DOC-00160,EMP-0073,Offer Letter,Complete,2026-04-28,2026-05-05,,2026-06-19
DOC-00161,EMP-0073,I-9,Complete,2026-05-08,2026-05-05,,2026-06-02
DOC-00162,EMP-0074,Offer Letter,Complete,2018-05-14,2018-05-14,,2021-05-14
DOC-00163,EMP-0074,I-9,Complete,2018-05-15,2018-05-14,,2024-09-30
DOC-00164,EMP-0075,Offer Letter,Complete,2020-08-16,2020-08-17,,2023-09-07
DOC-00165,EMP-0075,I-9,Complete,2020-08-17,2020-08-17,,2023-05-24
DOC-00166,EMP-0076,Offer Letter,Complete,2016-01-26,2016-02-04,,2019-07-20
DOC-00167,EMP-0076,I-9,Complete,2016-02-07,2016-02-04,,2022-07-15
DOC-00168,EMP-0077,Offer Letter,Complete,2020-07-29,2020-08-07,,2021-10-31
DOC-00169,EMP-0077,I-9,Complete,2020-08-08,2020-08-07,,2026-08-11
DOC-00170,EMP-0078,Offer Letter,Complete,2025-11-17,2025-11-20,,2025-12-25
DOC-00171,EMP-0078,I-9,Complete,2025-11-20,2025-11-20,,2026-07-08
DOC-00172,EMP-0078,Offboarding Form,Complete,2026-02-08,2026-02-08,,2026-08-29
DOC-00173,EMP-0079,Offer Letter,Complete,2017-05-11,2017-05-18,,2021-12-04
DOC-00174,EMP-0079,I-9,Complete,2017-05-20,2017-05-18,,2018-05-29
DOC-00175,EMP-0080,Offer Letter,Complete,2024-12-23,2024-12-26,,2026-01-13
DOC-00176,EMP-0080,I-9,Complete,2024-12-27,2024-12-26,,2026-08-17
DOC-00177,EMP-0081,Offer Letter,Complete,2017-05-20,2017-05-24,,2020-11-04
DOC-00178,EMP-0081,I-9,Complete,2017-05-24,2017-05-24,,2018-07-02
DOC-00179,EMP-0082,Offer Letter,Complete,2019-05-04,2019-05-08,,2026-01-10
DOC-00180,EMP-0082,I-9,Complete,2019-05-09,2019-05-08,,2021-11-10
DOC-00181,EMP-0083,Offer Letter,Complete,2017-11-14,2017-11-16,,2024-10-23
DOC-00182,EMP-0083,I-9,Complete,2017-11-19,2017-11-16,,2018-01-07
DOC-00183,EMP-0084,Offer Letter,Complete,2022-01-23,2022-02-01,,2024-05-28
DOC-00184,EMP-0084,I-9,Complete,2022-02-03,2022-02-01,,2023-06-18
DOC-00185,EMP-0085,Offer Letter,Complete,2019-01-31,2019-01-31,,2025-09-21
DOC-00186,EMP-0085,I-9,Complete,2019-02-02,2019-01-31,,2024-05-08
DOC-00187,EMP-0086,Offer Letter,Complete,2016-08-09,2016-08-16,,2023-06-30
DOC-00188,EMP-0086,I-9,Complete,2016-08-18,2016-08-16,,2024-03-28
DOC-00189,EMP-0087,Offer Letter,Complete,2025-08-27,2025-09-06,,2026-07-14
DOC-00190,EMP-0087,I-9,Complete,2025-09-07,2025-09-06,,2025-09-09
DOC-00191,EMP-0088,Offer Letter,Complete,2024-08-14,2024-08-24,,2025-11-11
DOC-00192,EMP-0088,I-9,Complete,2024-08-27,2024-08-24,,2026-07-30
DOC-00193,EMP-0089,Offer Letter,Complete,2021-01-07,2021-01-13,,2024-09-21
DOC-00194,EMP-0089,I-9,Complete,2021-01-14,2021-01-13,,2022-08-23
DOC-00195,EMP-0090,Offer Letter,Complete,2019-06-11,2019-06-18,,2021-05-04
DOC-00196,EMP-0090,I-9,Complete,2019-06-21,2019-06-18,,2021-01-14
DOC-00197,EMP-0091,Offer Letter,Complete,2023-01-26,2023-01-27,,2025-08-28
DOC-00198,EMP-0091,I-9,Complete,2023-01-29,2023-01-27,,2026-03-04
DOC-00199,EMP-0092,Offer Letter,Complete,2019-04-27,2019-04-28,,2025-09-04
DOC-00200,EMP-0092,I-9,Complete,2019-04-30,2019-04-28,,2021-10-13
DOC-00201,EMP-0093,Offer Letter,Complete,2017-04-26,2017-05-03,,2024-08-19
DOC-00202,EMP-0093,I-9,Complete,2017-05-05,2017-05-03,,2024-10-13
DOC-00203,EMP-0094,Offer Letter,Complete,2023-09-27,2023-10-02,,2025-12-18
DOC-00204,EMP-0094,I-9,Complete,2023-10-05,2023-10-02,,2025-08-15
DOC-00205,EMP-0095,Offer Letter,Complete,2016-10-10,2016-10-12,,2017-11-17
DOC-00206,EMP-0095,I-9,Complete,2016-10-13,2016-10-12,,2020-12-11
DOC-00207,EMP-0096,Offer Letter,Complete,2017-07-11,2017-07-14,,2019-11-27
DOC-00208,EMP-0096,I-9,Complete,2017-07-17,2017-07-14,,2023-01-03
DOC-00209,EMP-0097,Offer Letter,Complete,2023-01-10,2023-01-15,,2025-01-26
DOC-00210,EMP-0097,I-9,Complete,2023-01-18,2023-01-15,,2023-04-15
DOC-00211,EMP-0097,Offboarding Form,Complete,2026-02-21,2026-02-21,,2026-08-29
DOC-00212,EMP-0098,Offer Letter,Complete,2016-08-21,2016-08-25,,2021-01-13
DOC-00213,EMP-0098,I-9,Complete,2016-08-28,2016-08-25,,2022-02-04
DOC-00214,EMP-0099,Offer Letter,Complete,2018-03-04,2018-03-11,,2021-01-18
DOC-00215,EMP-0099,I-9,Complete,2018-03-13,2018-03-11,,2023-11-04
DOC-00216,EMP-0100,Offer Letter,Complete,2020-11-30,2020-11-30,,2021-06-18
DOC-00217,EMP-0100,I-9,Complete,2020-11-30,2020-11-30,,2024-09-29
DOC-00218,EMP-0101,Offer Letter,Complete,2021-02-19,2021-02-20,,2026-03-20
DOC-00219,EMP-0101,I-9,Complete,2021-02-21,2021-02-20,,2022-07-30
DOC-00220,EMP-0102,Offer Letter,Complete,2015-12-28,2016-01-01,,2025-09-26
DOC-00221,EMP-0102,I-9,Complete,2016-01-04,2016-01-01,,2022-01-03
DOC-00222,EMP-0103,Offer Letter,Complete,2021-03-07,2021-03-07,,2024-06-29
DOC-00223,EMP-0103,I-9,Complete,2021-03-08,2021-03-07,,2024-11-05
DOC-00224,EMP-0104,Offer Letter,Complete,2018-01-04,2018-01-13,,2019-06-06
DOC-00225,EMP-0104,I-9,Complete,2018-01-13,2018-01-13,,2025-06-08
DOC-00226,EMP-0105,Offer Letter,Complete,2023-09-27,2023-09-28,,2024-07-12
DOC-00227,EMP-0105,I-9,Complete,2023-09-28,2023-09-28,,2024-10-26
DOC-00228,EMP-0106,Offer Letter,Complete,2023-05-03,2023-05-11,,2026-05-10
DOC-00229,EMP-0106,I-9,Complete,2023-05-11,2023-05-11,,2024-11-21
DOC-00230,EMP-0107,Offer Letter,Complete,2023-09-17,2023-09-17,,2026-07-07
DOC-00231,EMP-0107,I-9,Complete,2023-09-20,2023-09-17,,2024-09-04
DOC-00232,EMP-0108,Offer Letter,Complete,2016-11-29,2016-12-03,,2022-09-17
DOC-00233,EMP-0108,I-9,Complete,2016-12-03,2016-12-03,,2019-08-15
DOC-00234,EMP-0109,Offer Letter,Complete,2017-05-04,2017-05-06,,2022-05-29
DOC-00235,EMP-0109,I-9,Complete,2017-05-09,2017-05-06,,2020-07-29
DOC-00236,EMP-0110,Offer Letter,Complete,2017-01-23,2017-01-31,,2023-09-30
DOC-00237,EMP-0110,I-9,Complete,2017-02-02,2017-01-31,,2023-08-19
DOC-00238,EMP-0111,Offer Letter,Complete,2016-08-25,2016-08-25,,2021-11-16
DOC-00239,EMP-0111,I-9,Complete,2016-08-27,2016-08-25,,2025-07-25
DOC-00240,EMP-0112,Offer Letter,Complete,2025-12-11,2025-12-21,,2026-02-16
DOC-00241,EMP-0112,I-9,Complete,2025-12-23,2025-12-21,,2026-06-10
DOC-00242,EMP-0113,Offer Letter,Complete,2016-03-25,2016-03-27,,2017-01-04
DOC-00243,EMP-0113,I-9,Complete,2016-03-29,2016-03-27,,2021-01-02
DOC-00244,EMP-0114,Offer Letter,Complete,2025-02-21,2025-02-21,,2026-07-16
DOC-00245,EMP-0114,I-9,Complete,2025-02-22,2025-02-21,,2025-03-30
DOC-00246,EMP-0115,Offer Letter,Complete,2022-05-20,2022-05-26,,2026-07-06
DOC-00247,EMP-0115,I-9,Complete,2022-05-27,2022-05-26,,2023-11-20
DOC-00248,EMP-0116,Offer Letter,Complete,2018-04-30,2018-05-02,,2021-10-15
DOC-00249,EMP-0116,I-9,Complete,2018-05-05,2018-05-02,,2026-05-26
DOC-00250,EMP-0117,Offer Letter,Complete,2025-05-24,2025-05-28,,2026-02-16
DOC-00251,EMP-0117,I-9,Complete,2025-05-31,2025-05-28,,2026-01-29
DOC-00252,EMP-0117,Offboarding Form,Complete,2025-08-24,2025-08-24,,2026-08-29
DOC-00253,EMP-0118,Offer Letter,Complete,2020-07-31,2020-08-07,,2021-03-03
DOC-00254,EMP-0118,I-9,Complete,2020-08-08,2020-08-07,,2023-07-05
DOC-00255,EMP-0119,Offer Letter,Complete,2019-11-07,2019-11-16,,2020-03-27
DOC-00256,EMP-0119,I-9,Complete,2019-11-17,2019-11-16,,2022-07-20
DOC-00257,EMP-0120,Offer Letter,Complete,2022-09-06,2022-09-14,,2024-09-12
DOC-00258,EMP-0120,I-9,Complete,2022-09-17,2022-09-14,,2025-08-25
DOC-00259,EMP-0121,Offer Letter,Complete,2019-09-27,2019-09-29,,2023-05-29
DOC-00260,EMP-0121,I-9,Complete,2019-10-02,2019-09-29,,2021-01-21
DOC-00261,EMP-0122,Offer Letter,Complete,2022-10-21,2022-10-24,,2025-05-23
DOC-00262,EMP-0122,I-9,Complete,2022-10-25,2022-10-24,,2023-05-20
DOC-00263,EMP-0122,Offboarding Form,Complete,2025-05-11,2025-05-11,,2026-08-29
DOC-00264,EMP-0123,Offer Letter,Complete,2019-05-25,2019-06-03,,2025-09-01
DOC-00265,EMP-0123,I-9,Complete,2019-06-04,2019-06-03,,2022-09-08
DOC-00266,EMP-0123,Offboarding Form,Complete,2022-04-10,2022-04-10,,2026-08-29
DOC-00267,EMP-0124,Offer Letter,Complete,2023-02-08,2023-02-08,,2023-04-22
DOC-00268,EMP-0124,I-9,Complete,2023-02-11,2023-02-08,,2025-05-26
DOC-00269,EMP-0125,Offer Letter,Complete,2018-06-17,2018-06-21,,2018-08-22
DOC-00270,EMP-0125,I-9,Complete,2018-06-23,2018-06-21,,2020-11-17
DOC-00271,EMP-0126,Offer Letter,Complete,2022-05-13,2022-05-19,,2023-08-11
DOC-00272,EMP-0126,I-9,Complete,2022-05-19,2022-05-19,,2024-09-25
DOC-00273,EMP-0127,Offer Letter,Complete,2021-07-18,2021-07-18,,2024-07-13
DOC-00274,EMP-0127,I-9,Complete,2021-07-21,2021-07-18,,2024-11-18
DOC-00275,EMP-0128,Offer Letter,Complete,2018-09-09,2018-09-18,,2024-03-03
DOC-00276,EMP-0128,I-9,Complete,2018-09-19,2018-09-18,,2023-04-22
DOC-00277,EMP-0128,Offboarding Form,Complete,2026-04-24,2026-04-24,,2026-08-29
DOC-00278,EMP-0129,Offer Letter,Complete,2021-06-12,2021-06-13,,2025-01-23
DOC-00279,EMP-0129,I-9,Complete,2021-06-15,2021-06-13,,2026-06-20
DOC-00280,EMP-0130,Offer Letter,Complete,2024-10-25,2024-11-01,,2025-10-19
DOC-00281,EMP-0130,I-9,Complete,2024-11-01,2024-11-01,,2025-06-19
DOC-00282,EMP-0131,Offer Letter,Complete,2021-06-29,2021-07-04,,2026-07-21
DOC-00283,EMP-0131,I-9,Complete,2021-07-07,2021-07-04,,2023-04-29
DOC-00284,EMP-0132,Offer Letter,Complete,2024-10-03,2024-10-05,,2025-05-29
DOC-00285,EMP-0132,I-9,Complete,2024-10-07,2024-10-05,,2025-09-29
DOC-00286,EMP-0133,Offer Letter,Complete,2024-03-18,2024-03-18,,2024-09-10
DOC-00287,EMP-0133,I-9,Complete,2024-03-21,2024-03-18,,2024-04-16
DOC-00288,EMP-0133,Offboarding Form,Complete,2026-05-28,2026-05-28,,2026-08-29
DOC-00289,EMP-0134,Offer Letter,Complete,2018-09-02,2018-09-05,,2020-10-19
DOC-00290,EMP-0134,I-9,Complete,2018-09-05,2018-09-05,,2024-05-31
DOC-00291,EMP-0135,Offer Letter,Complete,2024-11-30,2024-11-30,,2024-12-04
DOC-00292,EMP-0135,I-9,Complete,2024-11-30,2024-11-30,,2025-08-03
DOC-00293,EMP-0136,Offer Letter,Complete,2016-08-29,2016-08-31,,2024-11-09
DOC-00294,EMP-0136,I-9,Complete,2016-09-01,2016-08-31,,2019-07-18
DOC-00295,EMP-0137,Offer Letter,Complete,2021-02-10,2021-02-15,,2024-06-27
DOC-00296,EMP-0137,I-9,Complete,2021-02-15,2021-02-15,,2023-10-16
DOC-00297,EMP-0138,Offer Letter,Complete,2019-11-16,2019-11-20,,2021-06-19
DOC-00298,EMP-0138,I-9,Complete,2019-11-20,2019-11-20,,2022-05-17
DOC-00299,EMP-0139,Offer Letter,Complete,2023-10-25,2023-10-25,,2026-03-29
DOC-00300,EMP-0139,I-9,Complete,2023-10-27,2023-10-25,,2024-08-14
DOC-00301,EMP-0140,Offer Letter,Complete,2025-02-20,2025-02-26,,2025-10-03
DOC-00302,EMP-0140,I-9,Complete,2025-02-26,2025-02-26,,2026-06-04
DOC-00303,EMP-0140,Offboarding Form,Complete,2025-04-18,2025-04-18,,2026-08-29
DOC-00304,EMP-0141,Offer Letter,Complete,2020-05-29,2020-06-08,,2025-05-23
DOC-00305,EMP-0141,I-9,Complete,2020-06-09,2020-06-08,,2021-07-05
DOC-00306,EMP-0142,Offer Letter,Complete,2023-02-17,2023-02-20,,2024-12-04
DOC-00307,EMP-0142,I-9,Complete,2023-02-21,2023-02-20,,2025-02-01
DOC-00308,EMP-0143,Offer Letter,Complete,2018-11-02,2018-11-08,,2022-03-22
DOC-00309,EMP-0143,I-9,Complete,2018-11-09,2018-11-08,,2022-04-26
DOC-00310,EMP-0144,Offer Letter,Complete,2023-12-20,2023-12-30,,2025-12-02
DOC-00311,EMP-0144,I-9,Complete,2024-01-01,2023-12-30,,2025-08-04
DOC-00312,EMP-0144,Offboarding Form,Complete,2026-04-18,2026-04-18,,2026-08-29
DOC-00313,EMP-0145,Offer Letter,Complete,2019-11-23,2019-11-29,,2024-02-05
DOC-00314,EMP-0145,I-9,Complete,2019-12-01,2019-11-29,,2023-04-26
DOC-00315,EMP-0146,Offer Letter,Complete,2022-05-21,2022-05-21,,2022-09-24
DOC-00316,EMP-0146,I-9,Complete,2022-05-23,2022-05-21,,2026-01-02
DOC-00317,EMP-0147,Offer Letter,Complete,2018-06-02,2018-06-12,,2021-07-16
DOC-00318,EMP-0147,I-9,Complete,2018-06-14,2018-06-12,,2024-07-04
DOC-00319,EMP-0148,Offer Letter,Complete,2025-07-11,2025-07-21,,2025-09-08
DOC-00320,EMP-0148,I-9,Complete,2025-07-21,2025-07-21,,2026-06-26
DOC-00321,EMP-0148,Offboarding Form,Complete,2025-11-23,2025-11-23,,2026-08-29
DOC-00322,EMP-0149,Offer Letter,Complete,2022-06-18,2022-06-25,,2024-11-16
DOC-00323,EMP-0149,I-9,Complete,2022-06-26,2022-06-25,,2024-02-27
DOC-00324,EMP-0150,Offer Letter,Complete,2021-04-18,2021-04-20,,2023-07-19
DOC-00325,EMP-0150,I-9,Complete,2021-04-21,2021-04-20,,2022-07-05
DOC-00326,EMP-0151,Offer Letter,Complete,2018-10-18,2018-10-25,,2022-09-17
DOC-00327,EMP-0151,I-9,Complete,2018-10-27,2018-10-25,,2023-02-16
DOC-00328,EMP-0152,Offer Letter,Complete,2016-07-17,2016-07-21,,2021-08-23
DOC-00329,EMP-0152,I-9,Complete,2016-07-23,2016-07-21,,2017-04-12
DOC-00330,EMP-0153,Offer Letter,Complete,2021-11-25,2021-11-28,,2022-02-19
DOC-00331,EMP-0153,I-9,Complete,2021-11-29,2021-11-28,,2026-02-15
DOC-00332,EMP-0153,Offboarding Form,Complete,2025-11-24,2025-11-24,,2026-08-29
DOC-00333,EMP-0154,Offer Letter,Complete,2019-03-20,2019-03-26,,2021-06-10
DOC-00334,EMP-0154,I-9,Complete,2019-03-26,2019-03-26,,2022-12-17
DOC-00335,EMP-0155,Offer Letter,Complete,2021-11-11,2021-11-15,,2025-11-03
DOC-00336,EMP-0155,I-9,Complete,2021-11-17,2021-11-15,,2024-02-14
DOC-00337,EMP-0156,Offer Letter,Complete,2017-07-20,2017-07-30,,2022-05-28
DOC-00338,EMP-0156,I-9,Complete,2017-08-01,2017-07-30,,2019-12-13
DOC-00339,EMP-0157,Offer Letter,Complete,2024-12-15,2024-12-21,,2025-12-02
DOC-00340,EMP-0157,I-9,Complete,2024-12-21,2024-12-21,,2025-12-19
DOC-00341,EMP-0158,Offer Letter,Complete,2018-03-04,2018-03-12,,2024-09-24
DOC-00342,EMP-0158,I-9,Complete,2018-03-12,2018-03-12,,2023-01-01
DOC-00343,EMP-0159,Offer Letter,Complete,2016-09-02,2016-09-03,,2021-01-21
DOC-00344,EMP-0159,I-9,Complete,2016-09-06,2016-09-03,,2017-10-16
DOC-00345,EMP-0160,Offer Letter,Complete,2023-07-14,2023-07-15,,2023-09-29
DOC-00346,EMP-0160,I-9,Complete,2023-07-18,2023-07-15,,2026-05-03
DOC-00347,EMP-0161,Offer Letter,Complete,2026-01-12,2026-01-17,,2026-05-29
DOC-00348,EMP-0161,I-9,Complete,2026-01-20,2026-01-17,,2026-08-14
DOC-00349,EMP-0162,Offer Letter,Complete,2016-05-24,2016-05-28,,2020-11-23
DOC-00350,EMP-0162,I-9,Complete,2016-05-31,2016-05-28,,2017-11-11
DOC-00351,EMP-0162,Offboarding Form,Complete,2024-02-11,2024-02-11,,2026-08-29
DOC-00352,EMP-0163,Offer Letter,Complete,2017-05-29,2017-05-29,,2023-05-14
DOC-00353,EMP-0163,I-9,Complete,2017-05-31,2017-05-29,,2022-06-23
DOC-00354,EMP-0164,Offer Letter,Complete,2016-05-13,2016-05-19,,2021-09-02
DOC-00355,EMP-0164,I-9,Complete,2016-05-21,2016-05-19,,2025-11-22
DOC-00356,EMP-0165,Offer Letter,Complete,2025-04-23,2025-04-25,,2026-03-21
DOC-00357,EMP-0165,I-9,Complete,2025-04-25,2025-04-25,,2026-08-28
DOC-00358,EMP-0166,Offer Letter,Complete,2021-07-28,2021-08-07,,2022-09-02
DOC-00359,EMP-0166,I-9,Complete,2021-08-10,2021-08-07,,2022-01-27
DOC-00360,EMP-0167,Offer Letter,Complete,2020-12-19,2020-12-19,,2022-04-03
DOC-00361,EMP-0167,I-9,Complete,2020-12-21,2020-12-19,,2021-08-10
DOC-00362,EMP-0168,Offer Letter,Complete,2025-06-08,2025-06-09,,2026-06-15
DOC-00363,EMP-0168,I-9,Complete,2025-06-09,2025-06-09,,2026-07-23
DOC-00364,EMP-0169,Offer Letter,Complete,2022-02-17,2022-02-25,,2023-01-31
DOC-00365,EMP-0169,I-9,Complete,2022-02-27,2022-02-25,,2025-09-30
DOC-00366,EMP-0170,Offer Letter,Complete,2024-08-24,2024-09-01,,2025-03-24
DOC-00367,EMP-0170,I-9,Complete,2024-09-01,2024-09-01,,2026-07-09
DOC-00368,EMP-0171,Offer Letter,Complete,2023-03-29,2023-03-29,,2024-05-02
DOC-00369,EMP-0171,I-9,Complete,2023-03-30,2023-03-29,,2026-05-02
DOC-00370,EMP-0172,Offer Letter,Complete,2025-04-18,2025-04-26,,2025-12-11
DOC-00371,EMP-0172,I-9,Complete,2025-04-29,2025-04-26,,2026-05-29
DOC-00372,EMP-0173,Offer Letter,Complete,2026-04-11,2026-04-20,,2026-08-07
DOC-00373,EMP-0173,I-9,Complete,2026-04-23,2026-04-20,,2026-04-22
DOC-00374,EMP-0174,Offer Letter,Complete,2016-02-08,2016-02-12,,2021-07-11
DOC-00375,EMP-0174,I-9,Complete,2016-02-15,2016-02-12,,2019-05-17
DOC-00376,EMP-0175,Offer Letter,Complete,2024-08-01,2024-08-05,,2026-05-20
DOC-00377,EMP-0175,I-9,Complete,2024-08-05,2024-08-05,,2025-12-13
DOC-00378,EMP-0175,Offboarding Form,Complete,2026-01-25,2026-01-25,,2026-08-29
DOC-00379,EMP-0176,Offer Letter,Complete,2020-05-11,2020-05-13,,2021-10-14
DOC-00380,EMP-0176,I-9,Complete,2020-05-13,2020-05-13,,2025-04-11
DOC-00381,EMP-0177,Offer Letter,Complete,2023-10-05,2023-10-14,,2026-07-23
DOC-00382,EMP-0177,I-9,Complete,2023-10-14,2023-10-14,,2026-02-17
DOC-00383,EMP-0178,Offer Letter,Complete,2018-03-25,2018-03-28,,2025-06-24
DOC-00384,EMP-0178,I-9,Complete,2018-03-28,2018-03-28,,2024-09-17
DOC-00385,EMP-0179,Offer Letter,Complete,2019-06-10,2019-06-13,,2024-12-22
DOC-00386,EMP-0179,I-9,Complete,2019-06-14,2019-06-13,,2026-01-17
DOC-00387,EMP-0179,Offboarding Form,Complete,2019-11-29,2019-11-29,,2026-08-29
DOC-00388,EMP-0180,Offer Letter,Complete,2016-04-05,2016-04-14,,2022-08-07
DOC-00389,EMP-0180,I-9,Complete,2016-04-17,2016-04-14,,2020-01-01
DOC-00390,EMP-0181,Offer Letter,Complete,2023-05-18,2023-05-18,,2026-06-30
DOC-00391,EMP-0181,I-9,Complete,2023-05-21,2023-05-18,,2025-06-19
DOC-00392,EMP-0182,Offer Letter,Complete,2018-12-22,2018-12-27,,2019-04-27
DOC-00393,EMP-0182,I-9,Complete,2018-12-27,2018-12-27,,2026-02-06
DOC-00394,EMP-0183,Offer Letter,Complete,2019-06-28,2019-07-07,,2022-12-03
DOC-00395,EMP-0183,I-9,Complete,2019-07-09,2019-07-07,,2022-07-14
DOC-00396,EMP-0184,Offer Letter,Complete,2017-10-02,2017-10-08,,2020-02-13
DOC-00397,EMP-0184,I-9,Complete,2017-10-10,2017-10-08,,2022-08-21
DOC-00398,EMP-0185,Offer Letter,Complete,2021-07-05,2021-07-12,,2023-11-05
DOC-00399,EMP-0185,I-9,Complete,2021-07-13,2021-07-12,,2025-11-19
DOC-00400,EMP-0185,Offboarding Form,Complete,2022-09-21,2022-09-21,,2026-08-29
DOC-00401,EMP-0186,Offer Letter,Complete,2017-07-09,2017-07-19,,2024-12-24
DOC-00402,EMP-0186,I-9,Complete,2017-07-19,2017-07-19,,2020-09-29
DOC-00403,EMP-0186,Offboarding Form,Complete,2018-07-16,2018-07-16,,2026-08-29
DOC-00404,EMP-0187,Offer Letter,Complete,2025-03-04,2025-03-11,,2025-04-12
DOC-00405,EMP-0187,I-9,Complete,2025-03-12,2025-03-11,,2026-04-12
DOC-00406,EMP-0188,Offer Letter,Complete,2020-11-24,2020-12-03,,2025-08-07
DOC-00407,EMP-0188,I-9,Complete,2020-12-03,2020-12-03,,2022-05-02
DOC-00408,EMP-0189,Offer Letter,Complete,2019-07-31,2019-07-31,,2025-09-10
DOC-00409,EMP-0189,I-9,Complete,2019-08-01,2019-07-31,,2023-08-10
DOC-00410,EMP-0190,Offer Letter,Complete,2021-07-01,2021-07-09,,2025-08-29
DOC-00411,EMP-0190,I-9,Complete,2021-07-12,2021-07-09,,2025-11-18
DOC-00412,EMP-0191,Offer Letter,Complete,2024-07-15,2024-07-17,,2026-02-16
DOC-00413,EMP-0191,I-9,Complete,2024-07-17,2024-07-17,,2025-04-20
DOC-00414,EMP-0192,Offer Letter,Complete,2023-01-18,2023-01-24,,2025-09-10
DOC-00415,EMP-0192,I-9,Complete,2023-01-27,2023-01-24,,2025-10-15
DOC-00416,EMP-0193,Offer Letter,Complete,2017-03-23,2017-04-02,,2024-02-26
DOC-00417,EMP-0193,I-9,Complete,2017-04-04,2017-04-02,,2023-05-22
DOC-00418,EMP-0194,Offer Letter,Complete,,2018-07-17,,2019-08-05
DOC-00419,EMP-0194,I-9,Complete,2018-07-18,2018-07-17,,2025-07-19
DOC-00420,EMP-0195,Offer Letter,Complete,2016-06-03,2016-06-03,,2025-10-11
DOC-00421,EMP-0195,I-9,Complete,2016-06-04,2016-06-03,,2017-01-03
DOC-00422,EMP-0196,Offer Letter,Complete,2020-08-05,2020-08-10,,2024-01-10
DOC-00423,EMP-0196,I-9,Complete,2020-08-10,2020-08-10,,2021-03-29
DOC-00424,EMP-0197,Offer Letter,Complete,2019-04-17,2019-04-21,,2022-11-04
DOC-00425,EMP-0197,I-9,Complete,2019-04-24,2019-04-21,,2021-06-08
DOC-00426,EMP-0198,Offer Letter,Complete,2023-12-11,2023-12-19,,2026-08-09
DOC-00427,EMP-0198,I-9,Complete,2023-12-22,2023-12-19,,2024-03-03
DOC-00428,EMP-0199,Offer Letter,Complete,2023-07-12,2023-07-15,,2023-10-18
DOC-00429,EMP-0199,I-9,Complete,2023-07-17,2023-07-15,,2025-05-29
DOC-00430,EMP-0200,Offer Letter,Complete,2021-06-15,2021-06-20,,2023-07-14
DOC-00431,EMP-0200,I-9,Complete,2021-06-20,2021-06-20,,2023-07-22
DOC-00432,EMP-0200,Offboarding Form,Complete,2024-03-18,2024-03-18,,2026-08-29
DOC-00433,EMP-0201,Offer Letter,Complete,2021-08-21,2021-08-28,,2023-08-11
DOC-00434,EMP-0201,I-9,Complete,2021-08-31,2021-08-28,,2021-12-12
DOC-00435,EMP-0202,Offer Letter,Complete,2016-09-13,2016-09-16,,2017-04-12
DOC-00436,EMP-0202,I-9,Complete,2016-09-16,2016-09-16,,2024-03-26
DOC-00437,EMP-0203,Offer Letter,Complete,2019-06-27,2019-07-02,,2021-11-30
DOC-00438,EMP-0203,I-9,Complete,2019-07-04,2019-07-02,,2022-08-31
DOC-00439,EMP-0204,Offer Letter,Complete,2020-09-15,2020-09-19,,2021-11-23
DOC-00440,EMP-0204,I-9,Complete,2020-09-21,2020-09-19,,2025-08-18
DOC-00441,EMP-0205,Offer Letter,Complete,2021-09-16,2021-09-26,,2024-09-28
DOC-00442,EMP-0205,I-9,Complete,2021-09-26,2021-09-26,,2026-05-28
DOC-00443,EMP-0206,Offer Letter,Complete,2016-12-12,2016-12-12,,2021-04-24
DOC-00444,EMP-0206,I-9,Complete,2016-12-12,2016-12-12,,2025-02-18
DOC-00445,EMP-0207,Offer Letter,Complete,2021-05-19,2021-05-22,,2022-06-21
DOC-00446,EMP-0207,I-9,Complete,2021-05-22,2021-05-22,,2022-06-20
DOC-00447,EMP-0208,Offer Letter,Complete,2019-01-20,2019-01-29,,2020-08-20
DOC-00448,EMP-0208,I-9,Complete,2019-01-29,2019-01-29,,2019-02-05
DOC-00449,EMP-0209,Offer Letter,Complete,2022-08-05,2022-08-13,,2024-12-31
DOC-00450,EMP-0209,I-9,Complete,2022-08-13,2022-08-13,,2025-12-24
DOC-00451,EMP-0210,Offer Letter,Complete,2017-11-19,2017-11-27,,2022-08-23
DOC-00452,EMP-0210,I-9,Complete,2017-11-30,2017-11-27,,2018-07-30
DOC-00453,EMP-0211,Offer Letter,Complete,2021-12-15,2021-12-23,,2022-11-27
DOC-00454,EMP-0211,I-9,Complete,2021-12-25,2021-12-23,,2024-10-03
DOC-00455,EMP-0212,Offer Letter,Complete,2019-05-15,2019-05-22,,2025-12-28
DOC-00456,EMP-0212,I-9,Complete,2019-05-23,2019-05-22,,2026-02-22
DOC-00457,EMP-0213,Offer Letter,Complete,2025-12-01,2025-12-03,,2026-01-17
DOC-00458,EMP-0213,I-9,Complete,2025-12-04,2025-12-03,,2026-07-31
DOC-00459,EMP-0214,Offer Letter,Complete,2025-05-08,2025-05-10,,2025-06-26
DOC-00460,EMP-0214,I-9,Complete,2025-05-13,2025-05-10,,2026-01-10
DOC-00461,EMP-0215,Offer Letter,Complete,2020-09-18,2020-09-20,,2025-12-23
DOC-00462,EMP-0215,I-9,Complete,2020-09-21,2020-09-20,,2025-02-22
DOC-00463,EMP-0216,Offer Letter,Complete,2025-12-28,2026-01-03,,2026-01-26
DOC-00464,EMP-0216,I-9,Complete,2026-01-03,2026-01-03,,2026-06-14
DOC-00465,EMP-0217,Offer Letter,Complete,2024-05-28,2024-06-07,,2026-03-05
DOC-00466,EMP-0217,I-9,Complete,2024-06-10,2024-06-07,,2025-05-28
DOC-00467,EMP-0218,Offer Letter,Complete,2018-05-13,2018-05-15,,2022-05-09
DOC-00468,EMP-0218,I-9,Complete,2018-05-15,2018-05-15,,2021-09-18
DOC-00469,EMP-0219,Offer Letter,Complete,2022-04-16,2022-04-19,,2022-05-13
DOC-00470,EMP-0219,I-9,Complete,2022-04-20,2022-04-19,,2025-05-24
DOC-00471,EMP-0220,Offer Letter,Complete,2025-02-02,2025-02-08,,2025-06-24
DOC-00472,EMP-0220,I-9,Complete,2025-02-08,2025-02-08,,2026-08-18
DOC-00473,EMP-0221,Offer Letter,Complete,2024-06-25,2024-06-27,,2025-08-05
DOC-00474,EMP-0221,I-9,Complete,2024-06-30,2024-06-27,,2025-09-24
DOC-00475,EMP-0222,Offer Letter,Complete,2022-05-05,2022-05-08,,2024-12-04
DOC-00476,EMP-0222,I-9,Complete,2022-05-10,2022-05-08,,2024-05-09
DOC-00477,EMP-0223,Offer Letter,Complete,2020-03-24,2020-03-26,,2020-04-03
DOC-00478,EMP-0223,I-9,Complete,2020-03-27,2020-03-26,,2021-04-01
DOC-00479,EMP-0224,Offer Letter,Complete,2022-10-11,2022-10-20,,2024-06-07
DOC-00480,EMP-0224,I-9,Complete,2022-10-20,2022-10-20,,2023-04-24
DOC-00481,EMP-0225,Offer Letter,Complete,2017-04-24,2017-05-04,,2022-04-09
DOC-00482,EMP-0225,I-9,Complete,2017-05-06,2017-05-04,,2025-04-06
DOC-00483,EMP-0226,Offer Letter,Complete,2024-11-21,2024-11-26,,2026-08-03
DOC-00484,EMP-0226,I-9,Complete,2024-11-26,2024-11-26,,2024-12-06
DOC-00485,EMP-0227,Offer Letter,Complete,2020-06-09,2020-06-15,,2023-02-19
DOC-00486,EMP-0227,I-9,Complete,2020-06-15,2020-06-15,,2021-08-10
DOC-00487,EMP-0228,Offer Letter,Complete,2017-06-27,2017-07-02,,2021-08-30
DOC-00488,EMP-0228,I-9,Complete,2017-07-03,2017-07-02,,2019-05-15
DOC-00489,EMP-0229,Offer Letter,Complete,2022-11-11,2022-11-14,,2023-05-02
DOC-00490,EMP-0229,I-9,Complete,2022-11-14,2022-11-14,,2026-03-09
DOC-00491,EMP-0230,Offer Letter,Complete,2017-04-21,2017-04-30,,2020-12-08
DOC-00492,EMP-0230,I-9,Complete,2017-05-01,2017-04-30,,2017-07-27
DOC-00493,EMP-0230,Offboarding Form,Complete,2018-03-12,2018-03-12,,2026-08-29
DOC-00494,EMP-0231,Offer Letter,Complete,2022-05-03,2022-05-04,,2024-05-10
DOC-00495,EMP-0231,I-9,Complete,2022-05-06,2022-05-04,,2024-11-05
DOC-00496,EMP-0231,Offboarding Form,Complete,2024-04-11,2024-04-11,,2026-08-29
DOC-00497,EMP-0232,Offer Letter,Complete,2023-03-06,2023-03-15,,2023-10-15
DOC-00498,EMP-0232,I-9,Complete,2023-03-18,2023-03-15,,2024-12-17
DOC-00499,EMP-0233,Offer Letter,Complete,2020-12-10,2020-12-14,,2026-08-06
DOC-00500,EMP-0233,I-9,Complete,2020-12-15,2020-12-14,,2022-05-21
DOC-00501,EMP-0234,Offer Letter,Complete,2018-11-10,2018-11-16,,2024-10-18
DOC-00502,EMP-0234,I-9,Complete,2018-11-19,2018-11-16,,2019-01-13
DOC-00503,EMP-0235,Offer Letter,Complete,2020-07-29,2020-07-31,,2020-08-01
DOC-00504,EMP-0235,I-9,Complete,2020-08-03,2020-07-31,,2024-12-15
DOC-00505,EMP-0236,Offer Letter,Complete,2025-09-16,2025-09-25,,2026-07-07
DOC-00506,EMP-0236,I-9,Complete,2025-09-28,2025-09-25,,2026-08-24
DOC-00507,EMP-0237,Offer Letter,Complete,2016-11-27,2016-12-04,,2020-06-03
DOC-00508,EMP-0237,I-9,Complete,2016-12-05,2016-12-04,,2024-08-25
DOC-00509,EMP-0238,Offer Letter,Complete,2018-12-26,2019-01-04,,2025-01-06
DOC-00510,EMP-0238,I-9,Complete,2019-01-04,2019-01-04,,2025-06-14
DOC-00511,EMP-0239,Offer Letter,Complete,2016-03-12,2016-03-15,,2019-11-10
DOC-00512,EMP-0239,I-9,Complete,2016-03-18,2016-03-15,,2017-10-27
DOC-00513,EMP-0240,Offer Letter,Complete,2025-11-07,2025-11-09,,2026-07-17
DOC-00514,EMP-0240,I-9,Complete,2025-11-11,2025-11-09,,2025-12-18
DOC-00515,EMP-0241,Offer Letter,Complete,2020-06-04,2020-06-09,,2022-07-04
DOC-00516,EMP-0241,I-9,Complete,2020-06-12,2020-06-09,,2023-11-29
DOC-00517,EMP-0242,Offer Letter,Complete,2025-12-21,2025-12-29,,2026-05-19
DOC-00518,EMP-0242,I-9,Complete,2026-01-01,2025-12-29,,2026-03-31
DOC-00519,EMP-0243,Offer Letter,Complete,2016-09-12,2016-09-16,,2021-03-18
DOC-00520,EMP-0243,I-9,Complete,2016-09-18,2016-09-16,,2026-07-09
DOC-00521,EMP-0244,Offer Letter,Complete,2018-06-19,2018-06-27,,2019-06-06
DOC-00522,EMP-0244,I-9,Complete,2018-06-28,2018-06-27,,2025-07-18
DOC-00523,EMP-0244,Offboarding Form,Complete,2025-06-14,2025-06-14,,2026-08-29
DOC-00524,EMP-0245,Offer Letter,Complete,2025-07-29,2025-08-01,,2026-04-12
DOC-00525,EMP-0245,I-9,Complete,2025-08-04,2025-08-01,,2025-09-23
DOC-00526,EMP-0245,Offboarding Form,Complete,2025-12-02,2025-12-02,,2026-08-29
DOC-00527,EMP-0246,Offer Letter,Complete,2016-04-24,2016-04-26,,2023-12-17
DOC-00528,EMP-0246,I-9,Complete,2016-04-28,2016-04-26,,2016-07-03
DOC-00529,EMP-0247,Offer Letter,Complete,2017-07-15,2017-07-20,,2025-01-15
DOC-00530,EMP-0247,I-9,Complete,2017-07-22,2017-07-20,,2017-10-04
DOC-00531,EMP-0248,Offer Letter,Complete,2018-01-06,2018-01-16,,2026-05-09
DOC-00532,EMP-0248,I-9,Complete,2018-01-17,2018-01-16,,2024-09-04
DOC-00533,EMP-0249,Offer Letter,Complete,2025-03-13,2025-03-19,,2026-03-12
DOC-00534,EMP-0249,I-9,Complete,2025-03-22,2025-03-19,,2026-04-16
DOC-00535,EMP-0250,Offer Letter,Complete,2018-06-14,2018-06-19,,2025-03-13
DOC-00536,EMP-0250,I-9,Complete,2018-06-22,2018-06-19,,2023-02-05
DOC-00537,EMP-0250,Offboarding Form,Complete,2019-05-09,2019-05-09,,2026-08-29
DOC-00538,EMP-0251,Offer Letter,Complete,2017-01-28,2017-02-02,,2020-01-18
DOC-00539,EMP-0251,I-9,Complete,2017-02-04,2017-02-02,,2017-08-30
DOC-00540,EMP-0252,Offer Letter,Complete,2016-05-05,2016-05-12,,2021-01-24
DOC-00541,EMP-0252,I-9,Complete,2016-05-15,2016-05-12,,2020-05-02
DOC-00542,EMP-0253,Offer Letter,Complete,2024-04-03,2024-04-06,,2024-08-15
DOC-00543,EMP-0253,I-9,Complete,2024-04-07,2024-04-06,,2026-06-30
DOC-00544,EMP-0254,Offer Letter,Complete,2021-04-25,2021-05-01,,2024-11-26
DOC-00545,EMP-0254,I-9,Complete,2021-05-04,2021-05-01,,2026-03-17
DOC-00546,EMP-0255,Offer Letter,Complete,2020-06-19,2020-06-27,,2022-12-04
DOC-00547,EMP-0255,I-9,Complete,2020-06-30,2020-06-27,,2025-02-21
DOC-00548,EMP-0256,Offer Letter,Complete,2018-04-08,2018-04-10,,2023-08-08
DOC-00549,EMP-0256,I-9,Complete,2018-04-11,2018-04-10,,2026-03-12
DOC-00550,EMP-0257,Offer Letter,Complete,2024-07-19,2024-07-22,,2025-05-10
DOC-00551,EMP-0257,I-9,Complete,2024-07-24,2024-07-22,,2024-12-08
DOC-00552,EMP-0258,Offer Letter,Complete,2025-07-23,2025-07-25,,2026-02-03
DOC-00553,EMP-0258,I-9,Complete,2025-07-25,2025-07-25,,2026-05-04
DOC-00554,EMP-0259,Offer Letter,Complete,2018-01-30,2018-02-08,,2019-06-28
DOC-00555,EMP-0259,I-9,Complete,2018-02-08,2018-02-08,,2023-10-07
DOC-00556,EMP-0260,Offer Letter,Complete,2017-11-04,2017-11-12,,2017-12-30
DOC-00557,EMP-0260,I-9,Complete,2017-11-15,2017-11-12,,2024-04-05
DOC-00558,EMP-0261,Offer Letter,Complete,2026-05-08,2026-05-15,,2026-05-22
DOC-00559,EMP-0261,I-9,Complete,2026-05-18,2026-05-15,,2026-07-13
DOC-00560,EMP-0262,Offer Letter,Complete,2017-02-23,2017-03-04,,2023-12-29
DOC-00561,EMP-0262,I-9,Complete,2017-03-05,2017-03-04,,2020-02-08
DOC-00562,EMP-0263,Offer Letter,Complete,2017-06-11,2017-06-20,,2020-12-24
DOC-00563,EMP-0263,I-9,Complete,2017-06-23,2017-06-20,,2019-06-09
DOC-00564,EMP-0264,Offer Letter,Complete,2022-07-22,2022-07-25,,2022-09-17
DOC-00565,EMP-0264,I-9,Complete,2022-07-27,2022-07-25,,2023-03-08
DOC-00566,EMP-0265,Offer Letter,Complete,2021-09-01,2021-09-10,,2025-03-02
DOC-00567,EMP-0265,I-9,Complete,2021-09-10,2021-09-10,,2026-02-17
DOC-00568,EMP-0266,Offer Letter,Complete,2025-11-19,2025-11-27,,2026-05-15
DOC-00569,EMP-0266,I-9,Complete,2025-11-28,2025-11-27,,2026-06-05
DOC-00570,EMP-0267,Offer Letter,Complete,2019-01-23,2019-01-26,,2022-02-01
DOC-00571,EMP-0267,I-9,Complete,2019-01-29,2019-01-26,,2024-06-28
DOC-00572,EMP-0268,Offer Letter,Complete,2017-07-30,2017-08-01,,2020-03-16
DOC-00573,EMP-0268,I-9,Complete,2017-08-04,2017-08-01,,2021-05-20
DOC-00574,EMP-0269,Offer Letter,Complete,2021-10-29,2021-11-06,,2023-12-16
DOC-00575,EMP-0269,I-9,Complete,2021-11-08,2021-11-06,,2025-01-12
DOC-00576,EMP-0270,Offer Letter,Complete,2022-09-02,2022-09-05,,2025-05-12
DOC-00577,EMP-0270,I-9,Complete,2022-09-07,2022-09-05,,2023-05-29
DOC-00578,EMP-0271,Offer Letter,Complete,2019-11-04,2019-11-11,,2025-01-24
DOC-00579,EMP-0271,I-9,Complete,2019-11-12,2019-11-11,,2023-06-09
DOC-00580,EMP-0272,Offer Letter,Complete,2016-08-19,2016-08-25,,2026-06-06
DOC-00581,EMP-0272,I-9,Complete,2016-08-28,2016-08-25,,2016-11-13
DOC-00582,EMP-0273,Offer Letter,Complete,2018-02-22,2018-02-26,,2026-08-24
DOC-00583,EMP-0273,I-9,Complete,2018-02-28,2018-02-26,,2020-08-12
DOC-00584,EMP-0274,Offer Letter,Complete,2017-06-01,2017-06-07,,2019-07-13
DOC-00585,EMP-0274,I-9,Complete,2017-06-07,2017-06-07,,2022-10-25
DOC-00586,EMP-0275,Offer Letter,Complete,2021-09-26,2021-09-28,,2024-10-19
DOC-00587,EMP-0275,I-9,Complete,2021-09-30,2021-09-28,,2023-05-05
DOC-00588,EMP-0276,Offer Letter,Complete,2023-09-13,2023-09-15,,2026-03-05
DOC-00589,EMP-0276,I-9,Complete,2023-09-15,2023-09-15,,2026-06-22
DOC-00590,EMP-0277,Offer Letter,Complete,2018-01-18,2018-01-23,,2020-04-04
DOC-00591,EMP-0277,I-9,Complete,2018-01-23,2018-01-23,,2021-05-22
DOC-00592,EMP-0278,Offer Letter,Complete,2016-04-29,2016-05-06,,2025-11-15
DOC-00593,EMP-0278,I-9,Complete,2016-05-07,2016-05-06,,2016-08-09
DOC-00594,EMP-0279,Offer Letter,Complete,2021-12-07,2021-12-12,,2024-01-08
DOC-00595,EMP-0279,I-9,Complete,2021-12-14,2021-12-12,,2022-08-31
DOC-00596,EMP-0280,Offer Letter,Complete,2020-11-14,2020-11-19,,2026-02-09
DOC-00597,EMP-0280,I-9,Complete,2020-11-19,2020-11-19,,2025-02-26
DOC-00598,EMP-0281,Offer Letter,Complete,2018-08-01,2018-08-03,,2019-03-19
DOC-00599,EMP-0281,I-9,Complete,2018-08-03,2018-08-03,,2025-10-13
DOC-00600,EMP-0282,Offer Letter,Complete,2023-02-05,2023-02-12,,2024-09-18
DOC-00601,EMP-0282,I-9,Complete,2023-02-14,2023-02-12,,2025-06-19
DOC-00602,EMP-0283,Offer Letter,Complete,2023-12-22,2023-12-29,,2026-06-03
DOC-00603,EMP-0283,I-9,Complete,2023-12-30,2023-12-29,,2025-08-29
DOC-00604,EMP-0284,Offer Letter,Complete,2022-05-17,2022-05-23,,2022-06-09
DOC-00605,EMP-0284,I-9,Complete,2022-05-23,2022-05-23,,2024-08-01
DOC-00606,EMP-0285,Offer Letter,Complete,2023-11-08,2023-11-16,,2023-11-29
DOC-00607,EMP-0285,I-9,Complete,2023-11-19,2023-11-16,,2026-08-23
DOC-00608,EMP-0286,Offer Letter,Complete,2021-12-05,2021-12-08,,2025-03-16
DOC-00609,EMP-0286,I-9,Complete,2021-12-10,2021-12-08,,2023-04-26
DOC-00610,EMP-0287,Offer Letter,Complete,2024-07-27,2024-07-28,,2025-10-18
DOC-00611,EMP-0287,I-9,Complete,2024-07-30,2024-07-28,,2025-02-06
DOC-00612,EMP-0288,Offer Letter,Complete,2026-04-22,2026-04-25,,2026-07-06
DOC-00613,EMP-0288,I-9,Complete,2026-04-28,2026-04-25,,2026-06-23
DOC-00614,EMP-0289,Offer Letter,Complete,2016-11-24,2016-11-30,,2024-10-26
DOC-00615,EMP-0289,I-9,Complete,2016-12-03,2016-11-30,,2020-10-19
DOC-00616,EMP-0290,Offer Letter,Complete,2024-05-20,2024-05-30,,2024-08-17
DOC-00617,EMP-0290,I-9,Complete,2024-06-02,2024-05-30,,2024-06-22
DOC-00618,EMP-0291,Offer Letter,Complete,2023-12-14,2023-12-17,,2025-10-10
DOC-00619,EMP-0291,I-9,Complete,2023-12-17,2023-12-17,,2024-01-15
DOC-00620,EMP-0292,Offer Letter,Complete,2017-11-08,2017-11-12,,2022-12-30
DOC-00621,EMP-0292,I-9,Complete,2017-11-14,2017-11-12,,2018-12-01
DOC-00622,EMP-0293,Offer Letter,Complete,2022-03-12,2022-03-16,,2024-02-13
DOC-00623,EMP-0293,I-9,Complete,2022-03-17,2022-03-16,,2025-05-02
DOC-00624,EMP-0294,Offer Letter,Complete,2019-07-12,2019-07-16,,2022-08-07
DOC-00625,EMP-0294,I-9,Complete,2019-07-19,2019-07-16,,2020-06-21
DOC-00626,EMP-0295,Offer Letter,Complete,2016-10-21,2016-10-26,,2021-10-02
DOC-00627,EMP-0295,I-9,Complete,2016-10-27,2016-10-26,,2022-06-30
DOC-00628,EMP-0296,Offer Letter,Complete,2020-03-07,2020-03-10,,2025-01-08
DOC-00629,EMP-0296,I-9,Complete,2020-03-10,2020-03-10,,2022-04-21
DOC-00630,EMP-0297,Offer Letter,Complete,2022-03-30,2022-04-01,,2022-12-26
DOC-00631,EMP-0297,I-9,Complete,2022-04-03,2022-04-01,,2024-11-06
DOC-00632,EMP-0298,Offer Letter,Complete,2020-03-10,2020-03-13,,2020-12-01
DOC-00633,EMP-0298,I-9,Complete,2020-03-13,2020-03-13,,2020-05-27
DOC-00634,EMP-0298,Offboarding Form,Complete,2023-02-16,2023-02-16,,2026-08-29
DOC-00635,EMP-0299,Offer Letter,Complete,2020-10-15,2020-10-24,,2024-06-19
DOC-00636,EMP-0299,I-9,Complete,2020-10-25,2020-10-24,,2021-11-26
DOC-00637,EMP-0299,Offboarding Form,Complete,2023-05-24,2023-05-24,,2026-08-29
DOC-00638,EMP-0300,Offer Letter,Complete,2021-12-06,2021-12-06,,2022-04-28
DOC-00639,EMP-0300,I-9,Complete,2021-12-08,2021-12-06,,2022-03-28
DOC-00640,EMP-0301,Offer Letter,Complete,2021-04-21,2021-05-01,,2026-03-17
DOC-00641,EMP-0301,I-9,Complete,2021-05-03,2021-05-01,,2022-02-03
DOC-00642,EMP-0301,Offboarding Form,Complete,2022-10-28,2022-10-28,,2026-08-29
DOC-00643,EMP-0302,Offer Letter,Complete,2017-04-04,2017-04-13,,2024-04-30
DOC-00644,EMP-0302,I-9,Complete,2017-04-16,2017-04-13,,2022-04-22
DOC-00645,EMP-0303,Offer Letter,Complete,2021-05-07,2021-05-16,,2024-04-10
DOC-00646,EMP-0303,I-9,Complete,2021-05-17,2021-05-16,,2022-08-19
DOC-00647,EMP-0303,Offboarding Form,Complete,2025-01-30,2025-01-30,,2026-08-29
DOC-00648,EMP-0304,Offer Letter,Complete,2023-08-21,2023-08-30,,2025-07-29
DOC-00649,EMP-0304,I-9,Complete,2023-09-01,2023-08-30,,2026-06-07
DOC-00650,EMP-0305,Offer Letter,Complete,2021-08-01,2021-08-09,,2024-07-08
DOC-00651,EMP-0305,I-9,Complete,2021-08-09,2021-08-09,,2025-05-07
DOC-00652,EMP-0306,Offer Letter,Complete,2022-01-15,2022-01-20,,2022-07-20
DOC-00653,EMP-0306,I-9,Complete,2022-01-23,2022-01-20,,2022-03-17
DOC-00654,EMP-0307,Offer Letter,Complete,2022-11-03,2022-11-12,,2023-03-02
DOC-00655,EMP-0307,I-9,Complete,2022-11-14,2022-11-12,,2025-10-31
DOC-00656,EMP-0308,Offer Letter,Complete,2025-03-05,2025-03-08,,2026-02-25
DOC-00657,EMP-0308,I-9,Complete,2025-03-10,2025-03-08,,2025-04-02
DOC-00658,EMP-0309,Offer Letter,Complete,2020-11-08,2020-11-18,,2025-09-13
DOC-00659,EMP-0309,I-9,Complete,2020-11-21,2020-11-18,,2021-05-11
DOC-00660,EMP-0310,Offer Letter,Complete,2022-01-15,2022-01-15,,2022-01-21
DOC-00661,EMP-0310,I-9,Complete,2022-01-17,2022-01-15,,2023-12-29
DOC-00662,EMP-0310,Offboarding Form,Complete,2022-04-21,2022-04-21,,2026-08-29
DOC-00663,EMP-0311,Offer Letter,Complete,2020-09-12,2020-09-16,,2021-07-13
DOC-00664,EMP-0311,I-9,Complete,2020-09-19,2020-09-16,,2022-03-26
DOC-00665,EMP-0312,Offer Letter,Complete,2016-04-04,2016-04-13,,2021-01-12
DOC-00666,EMP-0312,I-9,Complete,2016-04-13,2016-04-13,,2020-06-23
DOC-00667,EMP-0313,Offer Letter,Complete,2023-04-18,2023-04-23,,2023-06-03
DOC-00668,EMP-0313,I-9,Complete,2023-04-24,2023-04-23,,2025-08-05
DOC-00669,EMP-0314,Offer Letter,Complete,2020-08-29,2020-09-06,,2021-11-25
DOC-00670,EMP-0314,I-9,Complete,2020-09-06,2020-09-06,,2023-04-30
DOC-00671,EMP-0315,Offer Letter,Complete,2024-03-20,2024-03-26,,2024-08-08
DOC-00672,EMP-0315,I-9,Complete,2024-03-28,2024-03-26,,2025-07-19
DOC-00673,EMP-0316,Offer Letter,Complete,2018-02-02,2018-02-07,,2018-07-09
DOC-00674,EMP-0316,I-9,Complete,2018-02-09,2018-02-07,,2023-10-05
DOC-00675,EMP-0317,Offer Letter,Complete,2017-02-21,2017-03-03,,2020-02-10
DOC-00676,EMP-0317,I-9,Complete,2017-03-03,2017-03-03,,2023-09-15
DOC-00677,EMP-0318,Offer Letter,Complete,2023-04-26,2023-05-06,,2025-04-28
DOC-00678,EMP-0318,I-9,Complete,2023-05-06,2023-05-06,,2023-05-14
DOC-00679,EMP-0319,Offer Letter,Complete,2019-08-26,2019-08-27,,2019-11-29
DOC-00680,EMP-0319,I-9,Complete,2019-08-28,2019-08-27,,2021-10-25
DOC-00681,EMP-0320,Offer Letter,Complete,2024-11-04,2024-11-07,,2025-01-02
DOC-00682,EMP-0320,I-9,Complete,2024-11-08,2024-11-07,,2025-06-04
DOC-00683,EMP-0321,Offer Letter,Complete,2017-05-09,2017-05-11,,2017-05-18
DOC-00684,EMP-0321,I-9,Complete,2017-05-14,2017-05-11,,2021-02-16
DOC-00685,EMP-0322,Offer Letter,Complete,2016-07-27,2016-08-01,,2025-05-06
DOC-00686,EMP-0322,I-9,Complete,2016-08-01,2016-08-01,,2025-06-14
DOC-00687,EMP-0323,Offer Letter,Complete,2025-03-20,2025-03-27,,2025-11-21
DOC-00688,EMP-0323,I-9,Complete,2025-03-29,2025-03-27,,2026-03-05
DOC-00689,EMP-0324,Offer Letter,Complete,2023-05-21,2023-05-21,,2024-06-26
DOC-00690,EMP-0324,I-9,Complete,2023-05-21,2023-05-21,,2024-02-25
DOC-00691,EMP-0325,Offer Letter,Complete,2019-06-08,2019-06-08,,2023-12-09
DOC-00692,EMP-0325,I-9,Complete,2019-06-08,2019-06-08,,2022-03-02
DOC-00693,EMP-0326,Offer Letter,Complete,2018-01-05,2018-01-09,,2025-12-21
DOC-00694,EMP-0326,I-9,Complete,2018-01-12,2018-01-09,,2020-05-02
DOC-00695,EMP-0326,Offboarding Form,Complete,2020-07-25,2020-07-25,,2026-08-29
DOC-00696,EMP-0327,Offer Letter,Complete,2021-02-19,2021-02-21,,2024-09-06
DOC-00697,EMP-0327,I-9,Complete,2021-02-24,2021-02-21,,2023-03-23
DOC-00698,EMP-0328,Offer Letter,Complete,2018-11-17,2018-11-20,,2026-08-22
DOC-00699,EMP-0328,I-9,Complete,2018-11-22,2018-11-20,,2020-03-31
DOC-00700,EMP-0329,Offer Letter,Complete,2021-08-16,2021-08-24,,2025-07-27
DOC-00701,EMP-0329,I-9,Complete,2021-08-27,2021-08-24,,2023-07-18
DOC-00702,EMP-0330,Offer Letter,Complete,2016-03-03,2016-03-05,,2022-12-18
DOC-00703,EMP-0330,I-9,Complete,2016-03-05,2016-03-05,,2020-11-13
DOC-00704,EMP-0331,Offer Letter,Complete,2024-07-07,2024-07-10,,2026-02-21
DOC-00705,EMP-0331,I-9,Complete,2024-07-10,2024-07-10,,2025-05-11
DOC-00706,EMP-0332,Offer Letter,Complete,2020-10-02,2020-10-03,,2021-12-23
DOC-00707,EMP-0332,I-9,Complete,2020-10-05,2020-10-03,,2020-11-08
DOC-00708,EMP-0333,Offer Letter,Complete,2024-05-10,2024-05-15,,2026-01-16
DOC-00709,EMP-0333,I-9,Complete,2024-05-16,2024-05-15,,2025-09-13
DOC-00710,EMP-0334,Offer Letter,Complete,2018-03-11,2018-03-20,,2024-05-18
DOC-00711,EMP-0334,I-9,Complete,2018-03-20,2018-03-20,,2026-03-11
DOC-00712,EMP-0334,Offboarding Form,Complete,2018-07-18,2018-07-18,,2026-08-29
DOC-00713,EMP-0335,Offer Letter,Complete,2018-09-06,2018-09-12,,2020-11-19
DOC-00714,EMP-0335,I-9,Complete,2018-09-12,2018-09-12,,2025-07-01
DOC-00715,EMP-0336,Offer Letter,Complete,2017-11-30,2017-12-10,,2020-11-06
DOC-00716,EMP-0336,I-9,Complete,2017-12-10,2017-12-10,,2018-04-14
DOC-00717,EMP-0337,Offer Letter,Complete,2017-10-06,2017-10-15,,2023-02-18
DOC-00718,EMP-0337,I-9,Complete,2017-10-18,2017-10-15,,2024-10-27
DOC-00719,EMP-0338,Offer Letter,Complete,2018-03-11,2018-03-11,,2026-02-10
DOC-00720,EMP-0338,I-9,Complete,2018-03-12,2018-03-11,,2023-10-11
DOC-00721,EMP-0339,Offer Letter,Complete,2022-10-16,2022-10-21,,2024-02-10
DOC-00722,EMP-0339,I-9,Complete,2022-10-23,2022-10-21,,2025-10-20
DOC-00723,EMP-0340,Offer Letter,Complete,2022-12-14,2022-12-15,,2023-08-24
DOC-00724,EMP-0340,I-9,Complete,2022-12-18,2022-12-15,,2024-11-17
DOC-00725,EMP-0341,Offer Letter,Complete,2019-09-11,2019-09-20,,2023-09-03
DOC-00726,EMP-0341,I-9,Complete,2019-09-21,2019-09-20,,2023-02-15
DOC-00727,EMP-0342,Offer Letter,Complete,2023-09-25,2023-09-26,,2024-08-22
DOC-00728,EMP-0342,I-9,Complete,2023-09-26,2023-09-26,,2024-02-14
DOC-00729,EMP-0342,Offboarding Form,Complete,2024-11-25,2024-11-25,,2026-08-29
DOC-00730,EMP-0343,Offer Letter,Complete,2019-02-17,2019-02-20,,2020-06-14
DOC-00731,EMP-0343,I-9,Complete,2019-02-21,2019-02-20,,2022-05-09
DOC-00732,EMP-0344,Offer Letter,Complete,2016-10-16,2016-10-25,,2019-02-09
DOC-00733,EMP-0344,I-9,Complete,2016-10-25,2016-10-25,,2020-03-29
DOC-00734,EMP-0345,Offer Letter,Complete,2018-02-16,2018-02-17,,2022-01-17
DOC-00735,EMP-0345,I-9,Complete,2018-02-17,2018-02-17,,2021-12-17
DOC-00736,EMP-0345,Offboarding Form,Complete,2026-08-29,,,2026-08-29
DOC-00737,EMP-0346,Offer Letter,Complete,2026-03-29,2026-03-29,,2026-08-14
DOC-00738,EMP-0346,I-9,Complete,2026-03-31,2026-03-29,,2026-06-30
DOC-00739,EMP-0347,Offer Letter,Complete,2026-06-06,2026-06-07,,2026-08-11
DOC-00740,EMP-0347,I-9,Complete,2026-06-07,2026-06-07,,2026-07-24
DOC-00741,EMP-0348,Offer Letter,Complete,2017-12-21,2017-12-24,,2024-11-21
DOC-00742,EMP-0348,I-9,Complete,2017-12-26,2017-12-24,,2025-06-29
DOC-00743,EMP-0349,Offer Letter,Complete,2016-08-14,2016-08-17,,2023-05-20
DOC-00744,EMP-0349,I-9,Complete,2016-08-20,2016-08-17,,2024-06-16
DOC-00745,EMP-0350,Offer Letter,Complete,2018-11-03,2018-11-05,,2021-04-19
DOC-00746,EMP-0350,I-9,Complete,2018-11-07,2018-11-05,,2025-11-25
DOC-00747,EMP-0351,Offer Letter,Complete,2022-10-21,2022-10-25,,2024-02-23
DOC-00748,EMP-0351,I-9,Complete,2022-10-26,2022-10-25,,2023-09-20
DOC-00749,EMP-0352,Offer Letter,Complete,2025-06-06,2025-06-15,,2026-07-14
DOC-00750,EMP-0352,I-9,Complete,2025-06-15,2025-06-15,,2026-05-23
DOC-00751,EMP-0353,Offer Letter,Complete,2018-03-23,2018-04-01,,2024-06-15
DOC-00752,EMP-0353,I-9,Complete,2018-04-01,2018-04-01,,2026-02-13
DOC-00753,EMP-0354,Offer Letter,Complete,2019-05-19,2019-05-27,,2025-04-07
DOC-00754,EMP-0354,I-9,Complete,2019-05-28,2019-05-27,,2025-07-07
DOC-00755,EMP-0355,Offer Letter,Complete,2025-12-28,2026-01-06,,2026-06-12
DOC-00756,EMP-0355,I-9,Complete,2026-01-09,2026-01-06,,2026-03-19
DOC-00757,EMP-0356,Offer Letter,Complete,2023-10-15,2023-10-20,,2024-12-28
DOC-00758,EMP-0356,I-9,Complete,2023-10-21,2023-10-20,,2025-01-03
DOC-00759,EMP-0357,Offer Letter,Complete,2026-05-06,2026-05-12,,2026-08-10
DOC-00760,EMP-0357,I-9,Complete,2026-05-14,2026-05-12,,2026-06-19
DOC-00761,EMP-0358,Offer Letter,Complete,2016-12-23,2016-12-27,,2021-05-24
DOC-00762,EMP-0358,I-9,Complete,2016-12-28,2016-12-27,,2019-09-08
DOC-00763,EMP-0359,Offer Letter,Complete,2016-07-01,2016-07-09,,2026-06-26
DOC-00764,EMP-0359,I-9,Complete,2016-07-09,2016-07-09,,2017-11-25
DOC-00765,EMP-0360,Offer Letter,Complete,2016-09-04,2016-09-12,,2019-11-24
DOC-00766,EMP-0360,I-9,Complete,2016-09-13,2016-09-12,,2021-06-27
DOC-00767,EMP-0361,Offer Letter,Complete,2017-01-06,2017-01-14,,2020-10-13
DOC-00768,EMP-0361,I-9,Complete,2017-01-14,2017-01-14,,2025-12-28
DOC-00769,EMP-0361,Offboarding Form,Complete,2022-08-04,2022-08-04,,2026-08-29
DOC-00770,EMP-0362,Offer Letter,Complete,2026-03-18,2026-03-18,,2026-07-28
DOC-00771,EMP-0362,I-9,Complete,2026-03-20,2026-03-18,,2026-07-12
DOC-00772,EMP-0363,Offer Letter,Complete,2025-11-04,2025-11-08,,2026-08-15
DOC-00773,EMP-0363,I-9,Complete,2025-11-08,2025-11-08,,2026-02-08
DOC-00774,EMP-0364,Offer Letter,Complete,2025-01-14,2025-01-14,,2026-05-24
DOC-00775,EMP-0364,I-9,Complete,2025-01-14,2025-01-14,,2026-07-03
DOC-00776,EMP-0365,Offer Letter,Complete,2018-06-18,2018-06-19,,2019-04-04
DOC-00777,EMP-0365,I-9,Complete,2018-06-19,2018-06-19,,2024-03-08
DOC-00778,EMP-0365,Offboarding Form,Complete,2022-04-20,2022-04-20,,2026-08-29
DOC-00779,EMP-0366,Offer Letter,Complete,2021-03-23,2021-03-24,,2021-08-12
DOC-00780,EMP-0366,I-9,Complete,2021-03-26,2021-03-24,,2021-12-25
DOC-00781,EMP-0367,Offer Letter,Complete,2026-03-09,2026-03-09,,2026-03-23
DOC-00782,EMP-0367,I-9,Complete,2026-03-10,2026-03-09,,2026-07-27
DOC-00783,EMP-0368,Offer Letter,Complete,2021-04-14,2021-04-20,,2024-10-29
DOC-00784,EMP-0368,I-9,Complete,2021-04-21,2021-04-20,,2026-04-04
DOC-00785,EMP-0369,Offer Letter,Complete,2020-05-09,2020-05-09,,2025-02-18
DOC-00786,EMP-0369,I-9,Complete,2020-05-12,2020-05-09,,2023-06-13
DOC-00787,EMP-0370,Offer Letter,Complete,2018-10-03,2018-10-07,,2025-01-19
DOC-00788,EMP-0370,I-9,Complete,2018-10-09,2018-10-07,,2021-06-08
DOC-00789,EMP-0371,Offer Letter,Complete,2021-07-19,2021-07-24,,2021-09-03
DOC-00790,EMP-0371,I-9,Complete,2021-07-27,2021-07-24,,2021-11-11
DOC-00791,EMP-0372,Offer Letter,Complete,2017-10-12,2017-10-14,,2025-05-24
DOC-00792,EMP-0372,I-9,Complete,2017-10-14,2017-10-14,,2022-07-27
DOC-00793,EMP-0373,Offer Letter,Complete,2022-07-24,2022-07-27,,2023-10-10
DOC-00794,EMP-0373,I-9,Complete,2022-07-27,2022-07-27,,2025-06-12
DOC-00795,EMP-0373,Offboarding Form,Complete,2023-03-26,2023-03-26,,2026-08-29
DOC-00796,EMP-0374,Offer Letter,Complete,2024-02-09,2024-02-12,,2026-01-12
DOC-00797,EMP-0374,I-9,Complete,2024-02-14,2024-02-12,,2025-07-21
DOC-00798,EMP-0375,Offer Letter,Complete,2018-06-09,2018-06-15,,2019-06-19
DOC-00799,EMP-0375,I-9,Complete,2018-06-17,2018-06-15,,2023-09-22
DOC-00800,EMP-0376,Offer Letter,Complete,2019-11-15,2019-11-18,,2026-08-12
DOC-00801,EMP-0376,I-9,Complete,2019-11-20,2019-11-18,,2025-12-17
DOC-00802,EMP-0377,Offer Letter,Complete,2017-09-02,2017-09-02,,2024-08-01
DOC-00803,EMP-0377,I-9,Complete,2017-09-02,2017-09-02,,2019-06-23
DOC-00804,EMP-0378,Offer Letter,Complete,2020-12-14,2020-12-18,,2024-06-19
DOC-00805,EMP-0378,I-9,Complete,2020-12-21,2020-12-18,,2021-09-23
DOC-00806,EMP-0379,Offer Letter,Complete,2023-11-09,2023-11-11,,2025-03-10
DOC-00807,EMP-0379,I-9,Complete,2023-11-11,2023-11-11,,2026-01-12
DOC-00808,EMP-0380,Offer Letter,Complete,2021-10-08,2021-10-13,,2026-04-20
DOC-00809,EMP-0380,I-9,Complete,2021-10-14,2021-10-13,,2025-06-18
DOC-00810,EMP-0381,Offer Letter,Complete,2022-07-29,2022-08-04,,2026-04-08
DOC-00811,EMP-0381,I-9,Complete,2022-08-07,2022-08-04,,2024-01-20
DOC-00812,EMP-0382,Offer Letter,Complete,2016-12-19,2016-12-20,,2022-11-12
DOC-00813,EMP-0382,I-9,Complete,2016-12-20,2016-12-20,,2024-05-18
DOC-00814,EMP-0383,Offer Letter,Complete,2024-05-08,2024-05-17,,2026-08-08
DOC-00815,EMP-0383,I-9,Complete,2024-05-20,2024-05-17,,2026-06-22
DOC-00816,EMP-0383,Offboarding Form,Complete,2025-02-27,2025-02-27,,2026-08-29
DOC-00817,EMP-0384,Offer Letter,Complete,2024-05-11,2024-05-20,,2026-08-29
DOC-00818,EMP-0384,I-9,Complete,2024-05-22,2024-05-20,,2024-07-14
DOC-00819,EMP-0385,Offer Letter,Complete,2017-04-06,2017-04-08,,2025-10-05
DOC-00820,EMP-0385,I-9,Complete,2017-04-09,2017-04-08,,2017-12-17
DOC-00821,EMP-0385,Offboarding Form,Complete,2026-02-04,2026-02-04,,2026-08-29
DOC-00822,EMP-0386,Offer Letter,Complete,2017-01-14,2017-01-14,,2020-11-21
DOC-00823,EMP-0386,I-9,Complete,2017-01-15,2017-01-14,,2020-05-02
DOC-00824,EMP-0387,Offer Letter,Complete,2017-12-27,2018-01-06,,2021-02-05
DOC-00825,EMP-0387,I-9,Complete,2018-01-06,2018-01-06,,2024-08-07
DOC-00826,EMP-0388,Offer Letter,Complete,2024-08-20,2024-08-28,,2026-03-30
DOC-00827,EMP-0388,I-9,Complete,2024-08-28,2024-08-28,,2025-07-11
DOC-00828,EMP-0389,Offer Letter,Complete,2020-11-24,2020-12-01,,2022-04-15
DOC-00829,EMP-0389,I-9,Complete,2020-12-02,2020-12-01,,2022-10-22
DOC-00830,EMP-0390,Offer Letter,Complete,2021-12-03,2021-12-05,,2025-10-07
DOC-00831,EMP-0390,I-9,Complete,2021-12-08,2021-12-05,,2025-10-29
DOC-00832,EMP-0391,Offer Letter,Complete,2020-03-15,2020-03-18,,2024-11-23
DOC-00833,EMP-0391,I-9,Complete,2020-03-19,2020-03-18,,2022-02-19
DOC-00834,EMP-0392,Offer Letter,Complete,2019-04-30,2019-05-09,,2023-08-10
DOC-00835,EMP-0392,I-9,Complete,2019-05-09,2019-05-09,,2024-01-26
DOC-00836,EMP-0392,Offboarding Form,Complete,2024-12-24,2024-12-24,,2026-08-29
DOC-00837,EMP-0393,Offer Letter,Complete,2016-06-19,2016-06-24,,2017-08-01
DOC-00838,EMP-0393,I-9,Complete,2016-06-24,2016-06-24,,2019-04-24
DOC-00839,EMP-0393,Offboarding Form,Complete,2024-01-11,2024-01-11,,2026-08-29
DOC-00840,EMP-0394,Offer Letter,Complete,2019-04-14,2019-04-18,,2025-11-26
DOC-00841,EMP-0394,I-9,Complete,2019-04-20,2019-04-18,,2025-09-13
DOC-00842,EMP-0395,Offer Letter,Complete,2018-12-06,2018-12-14,,2022-05-28
DOC-00843,EMP-0395,I-9,Complete,2018-12-14,2018-12-14,,2025-10-07
DOC-00844,EMP-0396,Offer Letter,Complete,2017-04-30,2017-05-10,,2020-07-01
DOC-00845,EMP-0396,I-9,Complete,2017-05-12,2017-05-10,,2023-02-07
DOC-00846,EMP-0397,Offer Letter,Complete,2020-09-10,2020-09-15,,2020-10-16
DOC-00847,EMP-0397,I-9,Complete,2020-09-16,2020-09-15,,2025-02-06
DOC-00848,EMP-0398,Offer Letter,Complete,2018-06-07,2018-06-10,,2021-04-25
DOC-00849,EMP-0398,I-9,Complete,2018-06-13,2018-06-10,,2026-04-25
DOC-00850,EMP-0399,Offer Letter,Complete,2024-09-19,2024-09-23,,2026-05-04
DOC-00851,EMP-0399,I-9,Complete,2024-09-24,2024-09-23,,2024-11-30
DOC-00852,EMP-0400,Offer Letter,Complete,2023-02-23,2023-03-01,,2023-09-27
DOC-00853,EMP-0400,I-9,Complete,2023-03-04,2023-03-01,,2025-10-21
DOC-00854,EMP-0401,Offer Letter,Complete,2017-06-22,2017-06-26,,2020-08-04
DOC-00855,EMP-0401,I-9,Complete,2017-06-26,2017-06-26,,2024-12-19
DOC-00856,EMP-0402,Offer Letter,Complete,2025-05-16,2025-05-16,,2025-07-09
DOC-00857,EMP-0402,I-9,Complete,2025-05-18,2025-05-16,,2026-08-16
DOC-00858,EMP-0402,Offboarding Form,Complete,2026-03-12,2026-03-12,,2026-08-29
DOC-00859,EMP-0403,Offer Letter,Complete,2024-02-18,2024-02-18,,2025-12-09
DOC-00860,EMP-0403,I-9,Complete,2024-02-20,2024-02-18,,2024-12-24
DOC-00861,EMP-0404,Offer Letter,Complete,2016-03-09,2016-03-18,,2025-12-21
DOC-00862,EMP-0404,I-9,Complete,2016-03-21,2016-03-18,,2016-04-22
DOC-00863,EMP-0405,Offer Letter,Complete,2021-05-02,2021-05-12,,2026-04-03
DOC-00864,EMP-0405,I-9,Complete,2021-05-12,2021-05-12,,2023-04-14
DOC-00865,EMP-0406,Offer Letter,Complete,2016-03-19,2016-03-27,,2023-06-05
DOC-00866,EMP-0406,I-9,Complete,2016-03-27,2016-03-27,,2016-11-23
DOC-00867,EMP-0407,Offer Letter,Complete,2021-09-20,2021-09-21,,2025-07-29
DOC-00868,EMP-0407,I-9,Complete,2021-09-21,2021-09-21,,2024-10-16
DOC-00869,EMP-0408,Offer Letter,Complete,2022-09-19,2022-09-24,,2023-07-05
DOC-00870,EMP-0408,I-9,Complete,2022-09-27,2022-09-24,,2024-02-16
DOC-00871,EMP-0409,Offer Letter,Complete,2016-09-09,2016-09-14,,2018-02-08
DOC-00872,EMP-0409,I-9,Complete,2016-09-15,2016-09-14,,2021-09-04
DOC-00873,EMP-0410,Offer Letter,Complete,2018-04-04,2018-04-06,,2023-10-31
DOC-00874,EMP-0410,I-9,Complete,2018-04-09,2018-04-06,,2019-07-02
DOC-00875,EMP-0411,Offer Letter,Complete,2023-09-03,2023-09-12,,2025-05-23
DOC-00876,EMP-0411,I-9,Complete,2023-09-13,2023-09-12,,2025-10-24
DOC-00877,EMP-0412,Offer Letter,Complete,2018-01-18,2018-01-20,,2024-07-11
DOC-00878,EMP-0412,I-9,Complete,2018-01-20,2018-01-20,,2022-06-25
DOC-00879,EMP-0412,Offboarding Form,Complete,2017-12-31,2017-12-31,,2026-08-29
DOC-00880,EMP-0413,Offer Letter,Complete,2019-05-11,2019-05-16,,2024-01-14
DOC-00881,EMP-0413,I-9,Complete,2019-05-18,2019-05-16,,2020-09-12
DOC-00882,EMP-0413,Offboarding Form,Complete,2019-08-26,2019-08-26,,2026-08-29
DOC-00883,EMP-0414,Offer Letter,Complete,2026-05-03,2026-05-11,,2026-08-29
DOC-00884,EMP-0414,I-9,Complete,2026-05-11,2026-05-11,,2026-06-10
DOC-00885,EMP-0415,Offer Letter,Complete,2022-03-05,2022-03-07,,2024-08-17
DOC-00886,EMP-0415,I-9,Complete,2022-03-10,2022-03-07,,2024-12-08
DOC-00887,EMP-0416,Offer Letter,Complete,2021-06-07,2021-06-10,,2026-08-25
DOC-00888,EMP-0416,I-9,Complete,2021-06-13,2021-06-10,,2025-11-30
DOC-00889,EMP-0417,Offer Letter,Complete,2021-06-25,2021-06-25,,2024-08-05
DOC-00890,EMP-0417,I-9,Complete,2021-06-27,2021-06-25,,2024-07-08
DOC-00891,EMP-0418,Offer Letter,Complete,2017-06-28,2017-06-29,,2022-01-07
DOC-00892,EMP-0418,I-9,Complete,2017-07-01,2017-06-29,,2018-05-05
DOC-00893,EMP-0419,Offer Letter,Complete,2019-07-15,2019-07-21,,2022-01-12
DOC-00894,EMP-0419,I-9,Complete,2019-07-24,2019-07-21,,2023-07-25
DOC-00895,EMP-0420,Offer Letter,Complete,2025-08-10,2025-08-10,,2026-02-05
DOC-00896,EMP-0420,I-9,Complete,2025-08-10,2025-08-10,,2026-07-04
DOC-00897,EMP-0420,Offboarding Form,Complete,2025-12-02,2025-12-02,,2026-08-29
DOC-00898,EMP-0421,Offer Letter,Complete,2025-07-25,2025-07-26,,2026-07-01
DOC-00899,EMP-0421,I-9,Complete,2025-07-27,2025-07-26,,2026-01-29
DOC-00900,EMP-0422,Offer Letter,Complete,2016-06-29,2016-07-09,,2020-01-29
DOC-00901,EMP-0422,I-9,Complete,2016-07-09,2016-07-09,,2025-04-30
DOC-00902,EMP-0423,Offer Letter,Complete,2016-12-14,2016-12-18,,2022-09-25
DOC-00903,EMP-0423,I-9,Complete,2016-12-19,2016-12-18,,2025-05-06
DOC-00904,EMP-0423,Offboarding Form,Complete,2020-07-17,2020-07-17,,2026-08-29
DOC-00905,EMP-0424,Offer Letter,Complete,2024-03-24,2024-03-29,,2026-04-23
DOC-00906,EMP-0424,I-9,Complete,2024-04-01,2024-03-29,,2026-04-27
DOC-00907,EMP-0425,Offer Letter,Complete,2024-04-19,2024-04-22,,2026-04-26
DOC-00908,EMP-0425,I-9,Complete,2024-04-24,2024-04-22,,2025-10-27
DOC-00909,EMP-0426,Offer Letter,Complete,2022-07-23,2022-07-30,,2025-06-20
DOC-00910,EMP-0426,I-9,Complete,2022-07-31,2022-07-30,,2024-06-22
DOC-00911,EMP-0427,Offer Letter,Complete,2025-07-05,2025-07-13,,2026-06-28
DOC-00912,EMP-0427,I-9,Complete,2025-07-13,2025-07-13,,2026-03-29
DOC-00913,EMP-0428,Offer Letter,Complete,2025-02-19,2025-02-22,,2025-12-31
DOC-00914,EMP-0428,I-9,Complete,2025-02-24,2025-02-22,,2025-07-07
DOC-00915,EMP-0429,Offer Letter,Complete,2024-02-04,2024-02-14,,2026-04-18
DOC-00916,EMP-0429,I-9,Complete,2024-02-14,2024-02-14,,2025-11-04
DOC-00917,EMP-0430,Offer Letter,Complete,2025-11-27,2025-12-04,,2026-05-18
DOC-00918,EMP-0430,I-9,Complete,2025-12-05,2025-12-04,,2026-03-11
DOC-00919,EMP-0431,Offer Letter,Complete,,2019-04-21,,2024-12-02
DOC-00920,EMP-0431,I-9,Complete,2019-04-21,2019-04-21,,2024-06-04
DOC-00921,EMP-0432,Offer Letter,Complete,2016-09-02,2016-09-05,,2019-01-27
DOC-00922,EMP-0432,I-9,Complete,2016-09-05,2016-09-05,,2020-08-21
DOC-00923,EMP-0432,Offboarding Form,Complete,2017-03-22,2017-03-22,,2026-08-29
DOC-00924,EMP-0433,Offer Letter,Complete,2019-10-17,2019-10-21,,2023-09-06
DOC-00925,EMP-0433,I-9,Complete,2019-10-23,2019-10-21,,2025-01-29
DOC-00926,EMP-0434,Offer Letter,Complete,2018-04-16,2018-04-24,,2022-01-21
DOC-00927,EMP-0434,I-9,Complete,2018-04-25,2018-04-24,,2024-05-31
DOC-00928,EMP-0434,Offboarding Form,Complete,2022-01-03,2022-01-03,,2026-08-29
DOC-00929,EMP-0435,Offer Letter,Complete,2024-11-24,2024-12-03,,2026-03-27
DOC-00930,EMP-0435,I-9,Complete,2024-12-04,2024-12-03,,2025-11-02
DOC-00931,EMP-0436,Offer Letter,Complete,2020-03-27,2020-03-31,,2024-06-02
DOC-00932,EMP-0436,I-9,Complete,2020-03-31,2020-03-31,,2022-01-07
DOC-00933,EMP-0437,Offer Letter,Complete,2023-09-29,2023-10-08,,2025-12-26
DOC-00934,EMP-0437,I-9,Complete,2023-10-11,2023-10-08,,2024-06-10
DOC-00935,EMP-0438,Offer Letter,Complete,2017-09-25,2017-10-02,,2025-07-09
DOC-00936,EMP-0438,I-9,Complete,2017-10-05,2017-10-02,,2020-08-22
DOC-00937,EMP-0439,Offer Letter,Complete,2023-04-08,2023-04-11,,2026-03-14
DOC-00938,EMP-0439,I-9,Complete,2023-04-13,2023-04-11,,2024-03-03
DOC-00939,EMP-0440,Offer Letter,Complete,2020-07-06,2020-07-11,,2026-01-06
DOC-00940,EMP-0440,I-9,Complete,2020-07-12,2020-07-11,,2024-01-20
DOC-00941,EMP-0441,Offer Letter,Complete,2016-07-06,2016-07-12,,2020-07-03
DOC-00942,EMP-0441,I-9,Complete,2016-07-12,2016-07-12,,2023-10-06
DOC-00943,EMP-0442,Offer Letter,Complete,2025-09-04,2025-09-12,,2026-06-30
DOC-00944,EMP-0442,I-9,Complete,2025-09-12,2025-09-12,,2026-07-11
DOC-00945,EMP-0442,Offboarding Form,Complete,2025-11-18,2025-11-18,,2026-08-29
DOC-00946,EMP-0443,Offer Letter,Complete,2023-06-21,2023-06-21,,2024-07-13
DOC-00947,EMP-0443,I-9,Complete,2023-06-24,2023-06-21,,2026-02-09
DOC-00948,EMP-0444,Offer Letter,Complete,2020-10-11,2020-10-17,,2024-02-10
DOC-00949,EMP-0444,I-9,Complete,2020-10-19,2020-10-17,,2023-07-18
DOC-00950,EMP-0445,Offer Letter,Complete,2021-10-30,2021-10-30,,2023-02-23
DOC-00951,EMP-0445,I-9,Complete,2021-11-02,2021-10-30,,2023-03-15
DOC-00952,EMP-0446,Offer Letter,Complete,2016-02-16,2016-02-25,,2021-06-12
DOC-00953,EMP-0446,I-9,Complete,2016-02-25,2016-02-25,,2021-01-12
DOC-00954,EMP-0447,Offer Letter,Complete,2017-11-26,2017-11-27,,2019-06-19
DOC-00955,EMP-0447,I-9,Complete,2017-11-28,2017-11-27,,2019-11-23
DOC-00956,EMP-0448,Offer Letter,Complete,2017-08-23,2017-08-28,,2020-02-27
DOC-00957,EMP-0448,I-9,Complete,2017-08-30,2017-08-28,,2018-04-08
DOC-00958,EMP-0449,Offer Letter,Complete,2017-07-19,2017-07-28,,2023-06-21
DOC-00959,EMP-0449,I-9,Complete,2017-07-29,2017-07-28,,2020-09-02
DOC-00960,EMP-0450,Offer Letter,Complete,2022-04-15,2022-04-15,,2025-12-08
DOC-00961,EMP-0450,I-9,Complete,2022-04-18,2022-04-15,,2024-08-21
DOC-00962,EMP-0451,Offer Letter,Complete,2023-02-27,2023-03-01,,2023-04-30
DOC-00963,EMP-0451,I-9,Complete,2023-03-01,2023-03-01,,2025-12-15
DOC-00964,EMP-0452,Offer Letter,Complete,2016-01-05,2016-01-10,,2025-02-08
DOC-00965,EMP-0452,I-9,Complete,2016-01-11,2016-01-10,,2025-09-30
DOC-00966,EMP-0452,Offboarding Form,Complete,2021-09-20,2021-09-20,,2026-08-29
DOC-00967,EMP-0453,Offer Letter,Complete,2024-10-27,2024-10-27,,2026-02-12
DOC-00968,EMP-0453,I-9,Complete,2024-10-30,2024-10-27,,2025-02-16
DOC-00969,EMP-0453,Offboarding Form,Complete,2026-08-25,2026-08-25,,2026-08-29
DOC-00970,EMP-0454,Offer Letter,Complete,2022-12-26,2022-12-31,,2025-02-02
DOC-00971,EMP-0454,I-9,Complete,2023-01-01,2022-12-31,,2023-01-10
DOC-00972,EMP-0455,Offer Letter,Complete,2020-02-07,2020-02-11,,2024-02-26
DOC-00973,EMP-0455,I-9,Complete,2020-02-11,2020-02-11,,2022-12-14
DOC-00974,EMP-0456,Offer Letter,Complete,2025-03-20,2025-03-25,,2026-04-03
DOC-00975,EMP-0456,I-9,Complete,2025-03-26,2025-03-25,,2025-09-03
DOC-00976,EMP-0457,Offer Letter,Complete,2017-01-27,2017-01-28,,2021-10-22
DOC-00977,EMP-0457,I-9,Complete,2017-01-29,2017-01-28,,2018-10-12
DOC-00978,EMP-0457,Offboarding Form,Complete,2019-09-12,2019-09-12,,2026-08-29
DOC-00979,EMP-0458,Offer Letter,Complete,2022-06-20,2022-06-21,,2023-10-11
DOC-00980,EMP-0458,I-9,Complete,2022-06-23,2022-06-21,,2026-05-27
DOC-00981,EMP-0459,Offer Letter,Complete,2016-07-15,2016-07-20,,2019-04-28
DOC-00982,EMP-0459,I-9,Complete,2016-07-21,2016-07-20,,2017-05-30
DOC-00983,EMP-0459,Offboarding Form,Complete,2017-12-15,2017-12-15,,2026-08-29
DOC-00984,EMP-0460,Offer Letter,Complete,2017-11-25,2017-12-01,,2025-09-15
DOC-00985,EMP-0460,I-9,Complete,2017-12-04,2017-12-01,,2020-11-04
DOC-00986,EMP-0461,Offer Letter,Complete,2017-11-20,2017-11-22,,2018-04-14
DOC-00987,EMP-0461,I-9,Complete,2017-11-24,2017-11-22,,2019-07-15
DOC-00988,EMP-0462,Offer Letter,Complete,2026-06-08,2026-06-18,,2026-07-29
DOC-00989,EMP-0462,I-9,Complete,2026-06-21,2026-06-18,,2026-08-01
DOC-00990,EMP-0463,Offer Letter,Complete,2026-01-20,2026-01-30,,2026-08-24
DOC-00991,EMP-0463,I-9,Complete,2026-01-30,2026-01-30,,2026-08-06
DOC-00992,EMP-0464,Offer Letter,Complete,2023-03-18,2023-03-25,,2023-09-27
DOC-00993,EMP-0464,I-9,Complete,2023-03-25,2023-03-25,,2025-11-11
DOC-00994,EMP-0465,Offer Letter,Complete,2019-10-03,2019-10-07,,2026-03-17
DOC-00995,EMP-0465,I-9,Complete,2019-10-08,2019-10-07,,2026-02-06
DOC-00996,EMP-0466,Offer Letter,Complete,2023-02-12,2023-02-19,,2024-09-03
DOC-00997,EMP-0466,I-9,Complete,2023-02-19,2023-02-19,,2024-02-14
DOC-00998,EMP-0467,Offer Letter,Complete,2018-04-06,2018-04-11,,2020-05-04
DOC-00999,EMP-0467,I-9,Complete,2018-04-14,2018-04-11,,2021-03-29
DOC-01000,EMP-0468,Offer Letter,Complete,2017-06-02,2017-06-11,,2024-01-27
DOC-01001,EMP-0468,I-9,Complete,2017-06-13,2017-06-11,,2025-05-30
DOC-01002,EMP-0468,Offboarding Form,Complete,2022-04-23,2022-04-23,,2026-08-29
DOC-01003,EMP-0469,Offer Letter,Complete,2025-03-08,2025-03-16,,2026-04-18
DOC-01004,EMP-0469,I-9,Complete,2025-03-18,2025-03-16,,2026-07-26
DOC-01005,EMP-0469,Offboarding Form,Complete,2026-05-09,2026-05-09,,2026-08-29
DOC-01006,EMP-0470,Offer Letter,Complete,2020-07-15,2020-07-18,,2025-07-07
DOC-01007,EMP-0470,I-9,Complete,2020-07-21,2020-07-18,,2022-12-05
DOC-01008,EMP-0471,Offer Letter,Complete,2026-01-05,2026-01-08,,2026-06-16
DOC-01009,EMP-0471,I-9,Complete,2026-01-08,2026-01-08,,2026-05-26
DOC-01010,EMP-0472,Offer Letter,Complete,2022-12-16,2022-12-21,,2024-11-13
DOC-01011,EMP-0472,I-9,Complete,2022-12-22,2022-12-21,,2024-07-10
DOC-01012,EMP-0473,Offer Letter,Complete,2022-04-27,2022-05-04,,2025-04-13
DOC-01013,EMP-0473,I-9,Complete,2022-05-05,2022-05-04,,2024-08-31
DOC-01014,EMP-0474,Offer Letter,Complete,2017-01-27,2017-02-02,,2022-01-26
DOC-01015,EMP-0474,I-9,Complete,2017-02-03,2017-02-02,,2026-07-24
DOC-01016,EMP-0475,Offer Letter,Complete,2022-06-08,2022-06-10,,2026-07-26
DOC-01017,EMP-0475,I-9,Complete,2022-06-10,2022-06-10,,2025-01-13
DOC-01018,EMP-0476,Offer Letter,Complete,2016-07-05,2016-07-10,,2025-10-25
DOC-01019,EMP-0476,I-9,Complete,2016-07-10,2016-07-10,,2020-11-29
DOC-01020,EMP-0477,Offer Letter,Complete,2025-04-07,2025-04-17,,2025-04-24
DOC-01021,EMP-0477,I-9,Complete,2025-04-20,2025-04-17,,2025-09-23
DOC-01022,EMP-0478,Offer Letter,Complete,2022-05-05,2022-05-15,,2023-03-02
DOC-01023,EMP-0478,I-9,Complete,2022-05-15,2022-05-15,,2024-03-21
DOC-01024,EMP-0479,Offer Letter,Complete,2025-11-14,2025-11-14,,2026-01-03
DOC-01025,EMP-0479,I-9,Complete,2025-11-17,2025-11-14,,2026-02-26
DOC-01026,EMP-0480,Offer Letter,Complete,2023-12-31,2024-01-09,,2024-01-20
DOC-01027,EMP-0480,I-9,Complete,2024-01-09,2024-01-09,,2026-01-04
DOC-01028,EMP-0481,Offer Letter,Complete,2022-06-10,2022-06-14,,2025-12-20
DOC-01029,EMP-0481,I-9,Complete,2022-06-14,2022-06-14,,2025-09-12
DOC-01030,EMP-0482,Offer Letter,Complete,2021-11-05,2021-11-06,,2021-12-18
DOC-01031,EMP-0482,I-9,Complete,2021-11-06,2021-11-06,,2023-08-03
DOC-01032,EMP-0483,Offer Letter,Complete,2019-11-07,2019-11-16,,2025-12-23
DOC-01033,EMP-0483,I-9,Complete,2019-11-17,2019-11-16,,2022-06-15
DOC-01034,EMP-0484,Offer Letter,Complete,2025-07-09,2025-07-15,,2025-08-19
DOC-01035,EMP-0484,I-9,Complete,2025-07-18,2025-07-15,,2025-11-18
DOC-01036,EMP-0485,Offer Letter,Complete,2023-07-20,2023-07-28,,2025-07-16
DOC-01037,EMP-0485,I-9,Complete,2023-07-30,2023-07-28,,2026-06-04
DOC-01038,EMP-0486,Offer Letter,Complete,2024-09-06,2024-09-06,,2024-10-24
DOC-01039,EMP-0486,I-9,Complete,2024-09-06,2024-09-06,,2026-06-06
DOC-01040,EMP-0487,Offer Letter,Complete,2016-11-25,2016-12-01,,2017-12-12
DOC-01041,EMP-0487,I-9,Complete,2016-12-04,2016-12-01,,2024-11-27
DOC-01042,EMP-0487,Offboarding Form,Complete,2019-09-12,2019-09-12,,2026-08-29
DOC-01043,EMP-0488,Offer Letter,Complete,2018-08-29,2018-09-05,,2025-12-03
DOC-01044,EMP-0488,I-9,Complete,2018-09-05,2018-09-05,,2025-04-28
DOC-01045,EMP-0489,Offer Letter,Complete,2023-10-16,2023-10-23,,2025-11-18
DOC-01046,EMP-0489,I-9,Complete,2023-10-25,2023-10-23,,2024-02-25
DOC-01047,EMP-0489,Offboarding Form,Complete,2025-12-11,2025-12-11,,2026-08-29
DOC-01048,EMP-0490,Offer Letter,Complete,2017-08-18,2017-08-28,,2025-03-30
DOC-01049,EMP-0490,I-9,Complete,2017-08-31,2017-08-28,,2018-04-05
DOC-01050,EMP-0491,Offer Letter,Complete,2026-04-14,2026-04-17,,2026-06-14
DOC-01051,EMP-0491,I-9,Complete,2026-04-17,2026-04-17,,2026-08-27
DOC-01052,EMP-0492,Offer Letter,Complete,2026-04-28,2026-05-02,,2026-07-08
DOC-01053,EMP-0492,I-9,Complete,2026-05-03,2026-05-02,,2026-08-07
DOC-01054,EMP-0493,Offer Letter,Complete,2023-11-07,2023-11-14,,2026-06-09
DOC-01055,EMP-0493,I-9,Complete,2023-11-14,2023-11-14,,2024-12-18
DOC-01056,EMP-0493,Offboarding Form,Complete,2024-06-26,2024-06-26,,2026-08-29
DOC-01057,EMP-0494,Offer Letter,Complete,2020-05-14,2020-05-22,,2022-11-26
DOC-01058,EMP-0494,I-9,Complete,2020-05-24,2020-05-22,,2023-04-24
DOC-01059,EMP-0494,Offboarding Form,Complete,2026-07-15,2026-07-15,,2026-08-29
DOC-01060,EMP-0495,Offer Letter,Complete,2018-07-03,2018-07-04,,2021-01-27
DOC-01061,EMP-0495,I-9,Complete,2018-07-06,2018-07-04,,2024-10-13
DOC-01062,EMP-0496,Offer Letter,Complete,2021-04-05,2021-04-10,,2026-07-31
DOC-01063,EMP-0496,I-9,Complete,2021-04-13,2021-04-10,,2024-08-19
DOC-01064,EMP-0497,Offer Letter,Complete,2017-04-14,2017-04-19,,2025-09-18
DOC-01065,EMP-0497,I-9,Complete,2017-04-21,2017-04-19,,2026-08-05
DOC-01066,EMP-0498,Offer Letter,Complete,2018-10-11,2018-10-12,,2025-01-17
DOC-01067,EMP-0498,I-9,Complete,2018-10-15,2018-10-12,,2023-04-21
DOC-01068,EMP-0499,Offer Letter,Complete,2025-10-19,2025-10-28,,2025-11-20
DOC-01069,EMP-0499,I-9,Complete,2025-10-28,2025-10-28,,2026-07-03
DOC-01070,EMP-0499,Offboarding Form,Complete,2025-12-21,2025-12-21,,2026-08-29
DOC-01071,EMP-0500,Offer Letter,Complete,2016-08-08,2016-08-08,,2022-06-20
DOC-01072,EMP-0500,I-9,Complete,2016-08-10,2016-08-08,,2017-12-19
DOC-01073,EMP-0501,Offer Letter,Complete,2023-07-30,2023-08-04,,2024-01-29
DOC-01074,EMP-0501,I-9,Complete,2023-08-07,2023-08-04,,2023-08-20
DOC-01075,EMP-0502,Offer Letter,Complete,2022-08-02,2022-08-10,,2026-02-17
DOC-01076,EMP-0502,I-9,Complete,2022-08-13,2022-08-10,,2026-04-05
DOC-01077,EMP-0502,Offboarding Form,Complete,2025-07-06,2025-07-06,,2026-08-29
DOC-01078,EMP-0503,Offer Letter,Complete,2025-06-18,2025-06-21,,2025-11-24
DOC-01079,EMP-0503,I-9,Complete,2025-06-23,2025-06-21,,2026-01-21
DOC-01080,EMP-0503,Offboarding Form,Complete,2025-12-07,2025-12-07,,2026-08-29
DOC-01081,EMP-0504,Offer Letter,Complete,2019-08-25,2019-09-03,,2022-01-23
DOC-01082,EMP-0504,I-9,Complete,2019-09-03,2019-09-03,,2026-08-12
DOC-01083,EMP-0505,Offer Letter,Complete,2021-05-20,2021-05-30,,2022-09-27
DOC-01084,EMP-0505,I-9,Complete,2021-06-01,2021-05-30,,2024-11-04
DOC-01085,EMP-0506,Offer Letter,Complete,2017-10-23,2017-11-02,,2019-04-19
DOC-01086,EMP-0506,I-9,Complete,2017-11-05,2017-11-02,,2022-12-29
DOC-01087,EMP-0507,Offer Letter,Complete,2023-10-18,2023-10-18,,2024-04-26
DOC-01088,EMP-0507,I-9,Complete,2023-10-19,2023-10-18,,2024-03-11
DOC-01089,EMP-0508,Offer Letter,Complete,2017-02-26,2017-02-26,,2019-08-20
DOC-01090,EMP-0508,I-9,Complete,2017-02-27,2017-02-26,,2021-07-30
DOC-01091,EMP-0508,Offboarding Form,Complete,2026-03-22,2026-03-22,,2026-08-29
DOC-01092,EMP-0509,Offer Letter,Complete,2018-05-25,2018-06-03,,2022-03-15
DOC-01093,EMP-0509,I-9,Complete,2018-06-06,2018-06-03,,2019-10-21
DOC-01094,EMP-0510,Offer Letter,Complete,2018-01-24,2018-01-30,,2021-08-27
DOC-01095,EMP-0510,I-9,Complete,2018-02-02,2018-01-30,,2018-05-26
DOC-01096,EMP-0511,Offer Letter,Complete,2022-04-06,2022-04-10,,2025-03-06
DOC-01097,EMP-0511,I-9,Complete,2022-04-11,2022-04-10,,2026-03-14
DOC-01098,EMP-0512,Offer Letter,Complete,2018-12-06,2018-12-10,,2020-08-24
DOC-01099,EMP-0512,I-9,Complete,2018-12-10,2018-12-10,,2021-10-25
DOC-01100,EMP-0513,Offer Letter,Complete,2025-08-02,2025-08-03,,2026-05-31
DOC-01101,EMP-0513,I-9,Complete,2025-08-03,2025-08-03,,2026-03-24
DOC-01102,EMP-0514,Offer Letter,Complete,2023-06-08,2023-06-18,,2023-12-13
DOC-01103,EMP-0514,I-9,Complete,2023-06-19,2023-06-18,,2023-07-01
DOC-01104,EMP-0515,Offer Letter,Complete,2020-08-12,2020-08-17,,2026-04-10
DOC-01105,EMP-0515,I-9,Complete,2020-08-18,2020-08-17,,2023-12-09
DOC-01106,EMP-0516,Offer Letter,Complete,2023-01-11,2023-01-12,,2024-05-09
DOC-01107,EMP-0516,I-9,Complete,2023-01-12,2023-01-12,,2024-02-12
DOC-01108,EMP-0517,Offer Letter,Complete,2026-01-21,2026-01-22,,2026-05-05
DOC-01109,EMP-0517,I-9,Complete,2026-01-23,2026-01-22,,2026-06-30
DOC-01110,EMP-0518,Offer Letter,Complete,2019-05-16,2019-05-23,,2022-10-02
DOC-01111,EMP-0518,I-9,Complete,2019-05-23,2019-05-23,,2023-12-28
DOC-01112,EMP-0519,Offer Letter,Complete,2026-04-28,2026-05-01,,2026-05-02
DOC-01113,EMP-0519,I-9,Complete,2026-05-03,2026-05-01,,2026-08-20
DOC-01114,EMP-0520,Offer Letter,Complete,2022-02-08,2022-02-10,,2024-01-15
DOC-01115,EMP-0520,I-9,Complete,2022-02-10,2022-02-10,,2024-01-08
DOC-01116,EMP-0521,Offer Letter,Complete,2018-01-15,2018-01-24,,2024-11-30
DOC-01117,EMP-0521,I-9,Complete,2018-01-27,2018-01-24,,2021-12-28
DOC-01118,EMP-0522,Offer Letter,Complete,2020-05-21,2020-05-21,,2021-10-06
DOC-01119,EMP-0522,I-9,Complete,2020-05-24,2020-05-21,,2020-08-03
DOC-01120,EMP-0523,Offer Letter,Complete,2025-12-25,2026-01-03,,2026-01-26
DOC-01121,EMP-0523,I-9,Complete,2026-01-04,2026-01-03,,2026-01-19
DOC-01122,EMP-0524,Offer Letter,Complete,2023-12-20,2023-12-27,,2026-04-14
DOC-01123,EMP-0524,I-9,Complete,2023-12-27,2023-12-27,,2025-04-26
DOC-01124,EMP-0525,Offer Letter,Complete,2018-03-22,2018-03-30,,2025-05-12
DOC-01125,EMP-0525,I-9,Complete,2018-04-02,2018-03-30,,2021-01-13
DOC-01126,EMP-0526,Offer Letter,Complete,2022-11-13,2022-11-23,,2024-07-10
DOC-01127,EMP-0526,I-9,Complete,2022-11-24,2022-11-23,,2024-07-03
DOC-01128,EMP-0526,Offboarding Form,Complete,2023-03-15,2023-03-15,,2026-08-29
DOC-01129,EMP-0527,Offer Letter,Complete,2024-07-24,2024-07-28,,2025-09-10
DOC-01130,EMP-0527,I-9,Complete,2024-07-31,2024-07-28,,2024-09-30
DOC-01131,EMP-0528,Offer Letter,Complete,2016-07-08,2016-07-10,,2020-06-20
DOC-01132,EMP-0528,I-9,Complete,2016-07-13,2016-07-10,,2020-03-26
DOC-01133,EMP-0529,Offer Letter,Complete,2022-11-23,2022-11-30,,2025-02-07
DOC-01134,EMP-0529,I-9,Complete,2022-12-03,2022-11-30,,2026-06-18
DOC-01135,EMP-0530,Offer Letter,Complete,2020-08-13,2020-08-19,,2024-01-14
DOC-01136,EMP-0530,I-9,Complete,2020-08-22,2020-08-19,,2021-08-27
DOC-01137,EMP-0531,Offer Letter,Complete,2022-01-11,2022-01-19,,2024-05-07
DOC-01138,EMP-0531,I-9,Complete,2022-01-22,2022-01-19,,2023-10-16
DOC-01139,EMP-0531,Offboarding Form,Complete,2023-07-14,2023-07-14,,2026-08-29
DOC-01140,EMP-0532,Offer Letter,Complete,2020-10-27,2020-11-03,,2022-10-29
DOC-01141,EMP-0532,I-9,Complete,2020-11-05,2020-11-03,,2025-12-27
DOC-01142,EMP-0533,Offer Letter,Complete,2024-12-01,2024-12-09,,2025-11-04
DOC-01143,EMP-0533,I-9,Complete,2024-12-10,2024-12-09,,2026-08-02
DOC-01144,EMP-0533,Offboarding Form,Complete,2025-06-13,2025-06-13,,2026-08-29
DOC-01145,EMP-0534,Offer Letter,Complete,2019-12-03,2019-12-10,,2026-05-25
DOC-01146,EMP-0534,I-9,Complete,2019-12-10,2019-12-10,,2020-09-22
DOC-01147,EMP-0535,Offer Letter,Complete,2022-07-02,2022-07-02,,2022-12-01
DOC-01148,EMP-0535,I-9,Complete,2022-07-04,2022-07-02,,2026-07-30
DOC-01149,EMP-0536,Offer Letter,Complete,2020-10-31,2020-11-08,,2024-12-27
DOC-01150,EMP-0536,I-9,Complete,2020-11-09,2020-11-08,,2023-04-20
DOC-01151,EMP-0537,Offer Letter,Complete,2016-01-02,2016-01-08,,2018-06-12
DOC-01152,EMP-0537,I-9,Complete,2016-01-10,2016-01-08,,2023-05-09
DOC-01153,EMP-0538,Offer Letter,Complete,2020-02-16,2020-02-19,,2022-03-14
DOC-01154,EMP-0538,I-9,Complete,2020-02-20,2020-02-19,,2024-12-10
DOC-01155,EMP-0539,Offer Letter,Complete,2021-05-05,2021-05-13,,2022-05-29
DOC-01156,EMP-0539,I-9,Complete,2021-05-14,2021-05-13,,2024-10-10
DOC-01157,EMP-0539,Offboarding Form,Complete,2024-08-26,2024-08-26,,2026-08-29
DOC-01158,EMP-0540,Offer Letter,Complete,2017-07-10,2017-07-13,,2022-10-11
DOC-01159,EMP-0540,I-9,Complete,2017-07-15,2017-07-13,,2023-04-26
DOC-01160,EMP-0541,Offer Letter,Complete,2024-09-19,2024-09-23,,2025-03-02
DOC-01161,EMP-0541,I-9,Complete,2024-09-25,2024-09-23,,2026-06-29
DOC-01162,EMP-0542,Offer Letter,Complete,2025-11-10,2025-11-20,,2026-02-20
DOC-01163,EMP-0542,I-9,Complete,2025-11-23,2025-11-20,,2026-02-01
DOC-01164,EMP-0543,Offer Letter,Complete,2020-06-04,2020-06-05,,2023-11-15
DOC-01165,EMP-0543,I-9,Complete,2020-06-06,2020-06-05,,2023-12-07
DOC-01166,EMP-0544,Offer Letter,Complete,2018-02-25,2018-02-26,,2019-07-18
DOC-01167,EMP-0544,I-9,Complete,2018-02-28,2018-02-26,,2026-02-27
DOC-01168,EMP-0545,Offer Letter,Complete,2018-06-18,2018-06-19,,2022-09-17
DOC-01169,EMP-0545,I-9,Complete,2018-06-22,2018-06-19,,2026-07-12
DOC-01170,EMP-0546,Offer Letter,Complete,2025-03-11,2025-03-13,,2025-06-22
DOC-01171,EMP-0546,I-9,Complete,2025-03-14,2025-03-13,,2025-03-13
DOC-01172,EMP-0547,Offer Letter,Complete,2018-01-24,2018-01-29,,2021-04-04
DOC-01173,EMP-0547,I-9,Complete,2018-01-31,2018-01-29,,2020-12-04
DOC-01174,EMP-0548,Offer Letter,Complete,2025-01-28,2025-01-29,,2026-02-04
DOC-01175,EMP-0548,I-9,Complete,2025-02-01,2025-01-29,,2025-10-05
DOC-01176,EMP-0549,Offer Letter,Complete,2020-03-17,2020-03-17,,2021-05-15
DOC-01177,EMP-0549,I-9,Complete,2020-03-20,2020-03-17,,2023-09-02
DOC-01178,EMP-0550,Offer Letter,Complete,2024-10-16,2024-10-22,,2026-03-23
DOC-01179,EMP-0550,I-9,Complete,2024-10-25,2024-10-22,,2025-09-30
DOC-01180,EMP-0551,Offer Letter,Complete,2020-08-21,2020-08-21,,2021-02-12
DOC-01181,EMP-0551,I-9,Complete,2020-08-24,2020-08-21,,2024-12-07
DOC-01182,EMP-0552,Offer Letter,Complete,2024-09-01,2024-09-01,,2026-01-28
DOC-01183,EMP-0552,I-9,Complete,2024-09-04,2024-09-01,,2026-08-03
DOC-01184,EMP-0553,Offer Letter,Complete,2021-03-05,2021-03-07,,2024-11-01
DOC-01185,EMP-0553,I-9,Complete,2021-03-10,2021-03-07,,2024-11-18
DOC-01186,EMP-0553,Offboarding Form,Complete,2026-08-04,2026-08-04,,2026-08-29
DOC-01187,EMP-0554,Offer Letter,Complete,2021-09-26,2021-10-04,,2026-07-01
DOC-01188,EMP-0554,I-9,Complete,2021-10-05,2021-10-04,,2024-08-22
DOC-01189,EMP-0555,Offer Letter,Complete,2020-11-17,2020-11-24,,2022-06-24
DOC-01190,EMP-0555,I-9,Complete,2020-11-25,2020-11-24,,2025-08-24
DOC-01191,EMP-0556,Offer Letter,Complete,2021-09-05,2021-09-05,,2025-04-23
DOC-01192,EMP-0556,I-9,Complete,2021-09-05,2021-09-05,,2021-11-15
DOC-01193,EMP-0557,Offer Letter,Complete,2018-01-20,2018-01-21,,2025-06-12
DOC-01194,EMP-0557,I-9,Complete,2018-01-24,2018-01-21,,2019-09-01
DOC-01195,EMP-0557,Offboarding Form,Complete,2018-10-24,2018-10-24,,2026-08-29
DOC-01196,EMP-0558,Offer Letter,Complete,2016-10-10,2016-10-10,,2018-12-07
DOC-01197,EMP-0558,I-9,Complete,2016-10-13,2016-10-10,,2017-10-22
DOC-01198,EMP-0559,Offer Letter,Complete,2022-10-20,2022-10-26,,2024-08-17
DOC-01199,EMP-0559,I-9,Complete,2022-10-28,2022-10-26,,2023-02-06
DOC-01200,EMP-0560,Offer Letter,Complete,2025-01-25,2025-01-29,,2026-03-27
DOC-01201,EMP-0560,I-9,Complete,2025-01-29,2025-01-29,,2025-04-19
DOC-01202,EMP-0561,Offer Letter,Complete,2016-05-11,2016-05-16,,2021-05-14
DOC-01203,EMP-0561,I-9,Complete,2016-05-16,2016-05-16,,2022-04-17
DOC-01204,EMP-0562,Offer Letter,Complete,2020-10-01,2020-10-09,,2022-08-12
DOC-01205,EMP-0562,I-9,Complete,2020-10-12,2020-10-09,,2021-06-02
DOC-01206,EMP-0563,Offer Letter,Complete,2017-01-19,2017-01-25,,2026-06-25
DOC-01207,EMP-0563,I-9,Complete,2017-01-25,2017-01-25,,2020-09-11
DOC-01208,EMP-0564,Offer Letter,Complete,2017-11-08,2017-11-14,,2024-01-06
DOC-01209,EMP-0564,I-9,Complete,2017-11-17,2017-11-14,,2021-05-02
DOC-01210,EMP-0565,Offer Letter,Complete,2024-05-08,2024-05-10,,2025-01-26
DOC-01211,EMP-0565,I-9,Complete,2024-05-11,2024-05-10,,2026-01-02
DOC-01212,EMP-0565,Offboarding Form,Complete,2025-10-29,2025-10-29,,2026-08-29
DOC-01213,EMP-0566,Offer Letter,Complete,2017-03-31,2017-04-03,,2021-08-07
DOC-01214,EMP-0566,I-9,Complete,2017-04-03,2017-04-03,,2022-08-19
DOC-01215,EMP-0567,Offer Letter,Complete,2025-12-26,2025-12-29,,2026-08-23
DOC-01216,EMP-0567,I-9,Complete,2025-12-29,2025-12-29,,2026-05-08
DOC-01217,EMP-0568,Offer Letter,Complete,2026-03-05,2026-03-07,,2026-03-10
DOC-01218,EMP-0568,I-9,Complete,2026-03-10,2026-03-07,,2026-06-23
DOC-01219,EMP-0569,Offer Letter,Complete,2019-05-03,2019-05-12,,2019-11-26
DOC-01220,EMP-0569,I-9,Complete,2019-05-14,2019-05-12,,2024-04-01
DOC-01221,EMP-0570,Offer Letter,Complete,2025-02-21,2025-03-03,,2026-03-18
DOC-01222,EMP-0570,I-9,Complete,2025-03-05,2025-03-03,,2025-09-04
DOC-01223,EMP-0571,Offer Letter,Complete,2022-06-23,2022-06-30,,2024-04-02
DOC-01224,EMP-0571,I-9,Complete,2022-07-03,2022-06-30,,2023-03-02
DOC-01225,EMP-0572,Offer Letter,Complete,2024-02-21,2024-03-01,,2025-04-17
DOC-01226,EMP-0572,I-9,Complete,2024-03-03,2024-03-01,,2024-06-05
DOC-01227,EMP-0572,Offboarding Form,Complete,2025-09-07,2025-09-07,,2026-08-29
DOC-01228,EMP-0573,Offer Letter,Complete,2017-12-27,2017-12-30,,2019-09-22
DOC-01229,EMP-0573,I-9,Complete,2017-12-31,2017-12-30,,2025-02-20
DOC-01230,EMP-0574,Offer Letter,Complete,2016-11-19,2016-11-19,,2023-04-15
DOC-01231,EMP-0574,I-9,Complete,2016-11-20,2016-11-19,,2024-04-16
DOC-01232,EMP-0575,Offer Letter,Complete,2016-07-11,2016-07-17,,2021-09-02
DOC-01233,EMP-0575,I-9,Complete,2016-07-18,2016-07-17,,2020-11-21
DOC-01234,EMP-0576,Offer Letter,Complete,2025-09-08,2025-09-10,,2025-12-26
DOC-01235,EMP-0576,I-9,Complete,2025-09-11,2025-09-10,,2026-04-29
DOC-01236,EMP-0577,Offer Letter,Complete,2016-03-06,2016-03-11,,2024-06-09
DOC-01237,EMP-0577,I-9,Complete,2016-03-13,2016-03-11,,2022-04-14
DOC-01238,EMP-0578,Offer Letter,Complete,2023-09-04,2023-09-05,,2025-10-21
DOC-01239,EMP-0578,I-9,Complete,2023-09-05,2023-09-05,,2025-09-28
DOC-01240,EMP-0579,Offer Letter,Complete,2020-01-25,2020-01-30,,2022-01-19
DOC-01241,EMP-0579,I-9,Complete,2020-01-30,2020-01-30,,2025-01-05
DOC-01242,EMP-0580,Offer Letter,Complete,2025-01-23,2025-02-02,,2025-07-21
DOC-01243,EMP-0580,I-9,Complete,2025-02-02,2025-02-02,,2025-09-18
DOC-01244,EMP-0580,Offboarding Form,Complete,2025-07-03,2025-07-03,,2026-08-29
DOC-01245,EMP-0581,Offer Letter,Complete,2017-04-24,2017-05-03,,2022-12-26
DOC-01246,EMP-0581,I-9,Complete,2017-05-05,2017-05-03,,2017-08-23
DOC-01247,EMP-0581,Offboarding Form,Complete,2026-06-12,2026-06-12,,2026-08-29
DOC-01248,EMP-0582,Offer Letter,Complete,2019-06-27,2019-07-04,,2022-01-14
DOC-01249,EMP-0582,I-9,Complete,2019-07-07,2019-07-04,,2024-08-23
DOC-01250,EMP-0583,Offer Letter,Complete,2016-04-28,2016-05-02,,2025-12-24
DOC-01251,EMP-0583,I-9,Complete,2016-05-04,2016-05-02,,2025-01-19
DOC-01252,EMP-0584,Offer Letter,Complete,2018-07-30,2018-07-30,,2024-04-16
DOC-01253,EMP-0584,I-9,Complete,2018-07-30,2018-07-30,,2019-08-31
DOC-01254,EMP-0585,Offer Letter,Complete,2018-11-27,2018-12-05,,2025-03-10
DOC-01255,EMP-0585,I-9,Complete,2018-12-07,2018-12-05,,2025-12-18
DOC-01256,EMP-0586,Offer Letter,Complete,2022-08-05,2022-08-10,,2024-02-29
DOC-01257,EMP-0586,I-9,Complete,2022-08-11,2022-08-10,,2025-02-04
DOC-01258,EMP-0587,Offer Letter,Complete,2025-04-19,2025-04-20,,2026-04-16
DOC-01259,EMP-0587,I-9,Complete,2025-04-20,2025-04-20,,2025-12-05
DOC-01260,EMP-0588,Offer Letter,Complete,2021-02-23,2021-02-24,,2026-01-31
DOC-01261,EMP-0588,I-9,Complete,2021-02-25,2021-02-24,,2021-08-10
DOC-01262,EMP-0589,Offer Letter,Complete,2016-12-20,2016-12-21,,2025-11-07
DOC-01263,EMP-0589,I-9,Complete,2016-12-24,2016-12-21,,2017-12-05
DOC-01264,EMP-0590,Offer Letter,Complete,2022-03-19,2022-03-22,,2025-12-19
DOC-01265,EMP-0590,I-9,Complete,2022-03-23,2022-03-22,,2023-10-12
DOC-01266,EMP-0591,Offer Letter,Complete,2024-09-19,2024-09-25,,2025-01-01
DOC-01267,EMP-0591,I-9,Complete,2024-09-25,2024-09-25,,2026-03-26
DOC-01268,EMP-0592,Offer Letter,Complete,2018-05-19,2018-05-24,,2022-10-18
DOC-01269,EMP-0592,I-9,Complete,2018-05-27,2018-05-24,,2025-08-27
DOC-01270,EMP-0593,Offer Letter,Complete,2022-12-04,2022-12-07,,2026-01-18
DOC-01271,EMP-0593,I-9,Complete,2022-12-10,2022-12-07,,2024-01-13
DOC-01272,EMP-0594,Offer Letter,Complete,2019-01-14,2019-01-24,,2026-06-10
DOC-01273,EMP-0594,I-9,Complete,2019-01-25,2019-01-24,,2020-04-01
DOC-01274,EMP-0595,Offer Letter,Complete,2018-04-02,2018-04-06,,2022-04-22
DOC-01275,EMP-0595,I-9,Complete,2018-04-07,2018-04-06,,2023-09-09
DOC-01276,EMP-0596,Offer Letter,Complete,2021-10-04,2021-10-12,,2022-09-14
DOC-01277,EMP-0596,I-9,Complete,2021-10-15,2021-10-12,,2024-05-14
DOC-01278,EMP-0597,Offer Letter,Complete,2024-03-27,2024-03-30,,2025-06-02
DOC-01279,EMP-0597,I-9,Complete,2024-04-01,2024-03-30,,2025-07-13
DOC-01280,EMP-0598,Offer Letter,Complete,2025-01-22,2025-01-30,,2025-07-16
DOC-01281,EMP-0598,I-9,Complete,2025-02-02,2025-01-30,,2025-04-25
DOC-01282,EMP-0599,Offer Letter,Complete,2023-05-21,2023-05-25,,2026-04-09
DOC-01283,EMP-0599,I-9,Complete,2023-05-28,2023-05-25,,2026-03-07
DOC-01284,EMP-0600,Offer Letter,Complete,2025-04-04,2025-04-09,,2025-10-27
DOC-01285,EMP-0600,I-9,Complete,2025-04-11,2025-04-09,,2026-08-15
DOC-01286,EMP-0600,Offboarding Form,Complete,2025-05-15,2025-05-15,,2026-08-29
DOC-01287,EMP-0601,Offer Letter,Complete,2023-04-01,2023-04-09,,2023-12-19
DOC-01288,EMP-0601,I-9,Complete,2023-04-10,2023-04-09,,2023-08-30
DOC-01289,EMP-0602,Offer Letter,Complete,2022-10-20,2022-10-30,,2024-12-17
DOC-01290,EMP-0602,I-9,Complete,2022-10-31,2022-10-30,,2025-06-15
DOC-01291,EMP-0603,Offer Letter,Complete,2026-01-19,2026-01-23,,2026-07-22
DOC-01292,EMP-0603,I-9,Complete,2026-01-25,2026-01-23,,2026-07-05
DOC-01293,EMP-0604,Offer Letter,Complete,2019-03-02,2019-03-06,,2020-11-25
DOC-01294,EMP-0604,I-9,Complete,2019-03-06,2019-03-06,,2020-11-07
DOC-01295,EMP-0605,Offer Letter,Complete,2020-12-17,2020-12-27,,2025-04-01
DOC-01296,EMP-0605,I-9,Complete,2020-12-28,2020-12-27,,2026-05-23
DOC-01297,EMP-0606,Offer Letter,Complete,2023-05-31,2023-06-07,,2025-05-18
DOC-01298,EMP-0606,I-9,Complete,2023-06-07,2023-06-07,,2023-10-03
DOC-01299,EMP-0607,Offer Letter,Complete,2019-08-31,2019-08-31,,2024-10-16
DOC-01300,EMP-0607,I-9,Complete,2019-09-01,2019-08-31,,2020-08-22
DOC-01301,EMP-0608,Offer Letter,Complete,2019-08-08,2019-08-15,,2020-02-26
DOC-01302,EMP-0608,I-9,Complete,2019-08-15,2019-08-15,,2024-05-31
DOC-01303,EMP-0608,Offboarding Form,Complete,2021-05-27,2021-05-27,,2026-08-29
DOC-01304,EMP-0609,Offer Letter,Complete,2026-03-21,2026-03-28,,2026-04-19
DOC-01305,EMP-0609,I-9,Complete,2026-03-30,2026-03-28,,2026-07-01
DOC-01306,EMP-0610,Offer Letter,Complete,2023-03-29,2023-04-06,,2025-06-19
DOC-01307,EMP-0610,I-9,Complete,2023-04-07,2023-04-06,,2024-06-22
DOC-01308,EMP-0611,Offer Letter,Complete,2019-03-19,2019-03-19,,2019-09-20
DOC-01309,EMP-0611,I-9,Complete,2019-03-21,2019-03-19,,2020-10-20
DOC-01310,EMP-0612,Offer Letter,Complete,2016-03-11,2016-03-12,,2022-11-05
DOC-01311,EMP-0612,I-9,Complete,2016-03-13,2016-03-12,,2018-04-14
DOC-01312,EMP-0612,Offboarding Form,Complete,2019-04-05,2019-04-05,,2026-08-29
DOC-01313,EMP-0613,Offer Letter,Complete,2019-08-18,2019-08-21,,2020-03-12
DOC-01314,EMP-0613,I-9,Complete,2019-08-24,2019-08-21,,2024-05-22
DOC-01315,EMP-0614,Offer Letter,Complete,2020-12-10,2020-12-11,,2021-02-10
DOC-01316,EMP-0614,I-9,Complete,2020-12-14,2020-12-11,,2024-05-12
DOC-01317,EMP-0615,Offer Letter,Complete,2017-03-16,2017-03-18,,2023-08-25
DOC-01318,EMP-0615,I-9,Complete,2017-03-20,2017-03-18,,2026-04-02
DOC-01319,EMP-0616,Offer Letter,Complete,2017-10-05,2017-10-09,,2025-05-13
DOC-01320,EMP-0616,I-9,Complete,2017-10-11,2017-10-09,,2024-02-01
DOC-01321,EMP-0617,Offer Letter,Complete,2026-02-16,2026-02-26,,2026-07-08
DOC-01322,EMP-0617,I-9,Complete,2026-03-01,2026-02-26,,2026-08-27
DOC-01323,EMP-0618,Offer Letter,Complete,2025-04-18,2025-04-21,,2025-05-10
DOC-01324,EMP-0618,I-9,Complete,2025-04-21,2025-04-21,,2025-09-04
DOC-01325,EMP-0619,Offer Letter,Complete,2023-03-21,2023-03-25,,2025-07-17
DOC-01326,EMP-0619,I-9,Complete,2023-03-28,2023-03-25,,2023-05-06
DOC-01327,EMP-0620,Offer Letter,Complete,2026-03-05,2026-03-06,,2026-06-26
DOC-01328,EMP-0620,I-9,Complete,2026-03-06,2026-03-06,,2026-08-10
DOC-01329,EMP-0621,Offer Letter,Complete,2026-02-14,2026-02-16,,2026-03-18
DOC-01330,EMP-0621,I-9,Complete,2026-02-18,2026-02-16,,2026-08-28
DOC-01331,EMP-0622,Offer Letter,Complete,2020-11-09,2020-11-15,,2021-06-20
DOC-01332,EMP-0622,I-9,Complete,2020-11-16,2020-11-15,,2024-12-05
DOC-01333,EMP-0623,Offer Letter,Complete,2019-12-12,2019-12-16,,2020-08-06
DOC-01334,EMP-0623,I-9,Complete,2019-12-17,2019-12-16,,2019-12-25
DOC-01335,EMP-0624,Offer Letter,Complete,2019-06-26,2019-07-06,,2021-01-15
DOC-01336,EMP-0624,I-9,Complete,2019-07-06,2019-07-06,,2020-06-08
DOC-01337,EMP-0625,Offer Letter,Complete,2021-08-18,2021-08-19,,2021-10-29
DOC-01338,EMP-0625,I-9,Complete,2021-08-22,2021-08-19,,2024-09-10
DOC-01339,EMP-0626,Offer Letter,Complete,2023-04-19,2023-04-19,,2026-08-05
DOC-01340,EMP-0626,I-9,Complete,2023-04-20,2023-04-19,,2024-05-04
DOC-01341,EMP-0627,Offer Letter,Complete,2022-12-20,2022-12-29,,2026-08-08
DOC-01342,EMP-0627,I-9,Complete,2023-01-01,2022-12-29,,2025-06-14
DOC-01343,EMP-0628,Offer Letter,Complete,2026-02-26,2026-03-06,,2026-08-08
DOC-01344,EMP-0628,I-9,Complete,2026-03-06,2026-03-06,,2026-08-15
DOC-01345,EMP-0629,Offer Letter,Complete,2016-06-04,2016-06-04,,2020-04-22
DOC-01346,EMP-0629,I-9,Complete,2016-06-07,2016-06-04,,2020-12-16
DOC-01347,EMP-0630,Offer Letter,Complete,2024-09-16,2024-09-22,,2025-10-10
DOC-01348,EMP-0630,I-9,Complete,2024-09-25,2024-09-22,,2025-08-02
DOC-01349,EMP-0631,Offer Letter,Complete,2020-05-30,2020-05-31,,2022-07-26
DOC-01350,EMP-0631,I-9,Complete,2020-06-01,2020-05-31,,2022-05-30
DOC-01351,EMP-0632,Offer Letter,Complete,2019-08-17,2019-08-25,,2022-11-03
DOC-01352,EMP-0632,I-9,Complete,2019-08-27,2019-08-25,,2020-06-03
DOC-01353,EMP-0633,Offer Letter,Complete,2016-07-01,2016-07-02,,2025-12-09
DOC-01354,EMP-0633,I-9,Complete,2016-07-04,2016-07-02,,2017-11-21
DOC-01355,EMP-0634,Offer Letter,Complete,2016-05-19,2016-05-23,,2024-09-19
DOC-01356,EMP-0634,I-9,Complete,2016-05-25,2016-05-23,,2026-03-08
DOC-01357,EMP-0635,Offer Letter,Complete,2023-09-04,2023-09-14,,2024-05-19
DOC-01358,EMP-0635,I-9,Complete,2023-09-15,2023-09-14,,2024-09-21
DOC-01359,EMP-0636,Offer Letter,Complete,2016-11-04,2016-11-04,,2022-01-26
DOC-01360,EMP-0636,I-9,Complete,2016-11-05,2016-11-04,,2021-04-17
DOC-01361,EMP-0636,Offboarding Form,Complete,2022-03-31,2022-03-31,,2026-08-29
DOC-01362,EMP-0637,Offer Letter,Complete,2020-03-26,2020-03-28,,2024-02-10
DOC-01363,EMP-0637,I-9,Complete,2020-03-31,2020-03-28,,2022-09-27
DOC-01364,EMP-0638,Offer Letter,Complete,2019-04-20,2019-04-30,,2024-05-21
DOC-01365,EMP-0638,I-9,Complete,2019-05-03,2019-04-30,,2024-12-19
DOC-01366,EMP-0639,Offer Letter,Complete,2017-07-17,2017-07-27,,2025-09-26
DOC-01367,EMP-0639,I-9,Complete,2017-07-28,2017-07-27,,2021-02-28
DOC-01368,EMP-0639,Offboarding Form,Complete,2022-06-25,2022-06-25,,2026-08-29
DOC-01369,EMP-0640,Offer Letter,Complete,2020-12-02,2020-12-08,,2024-04-06
DOC-01370,EMP-0640,I-9,Complete,2020-12-10,2020-12-08,,2025-08-28
DOC-01371,EMP-0641,Offer Letter,Complete,2026-01-10,2026-01-17,,2026-01-31
DOC-01372,EMP-0641,I-9,Complete,2026-01-19,2026-01-17,,2026-02-24
DOC-01373,EMP-0642,Offer Letter,Complete,2018-07-21,2018-07-25,,2024-03-18
DOC-01374,EMP-0642,I-9,Complete,2018-07-28,2018-07-25,,2025-02-14
DOC-01375,EMP-0643,Offer Letter,Complete,2018-03-16,2018-03-17,,2021-04-22
DOC-01376,EMP-0643,I-9,Complete,2018-03-18,2018-03-17,,2022-02-27
DOC-01377,EMP-0644,Offer Letter,Complete,2019-12-14,2019-12-24,,2022-12-07
DOC-01378,EMP-0644,I-9,Complete,2019-12-25,2019-12-24,,2022-10-20
DOC-01379,EMP-0645,Offer Letter,Complete,2025-02-06,2025-02-12,,2026-03-10
DOC-01380,EMP-0645,I-9,Complete,2025-02-12,2025-02-12,,2025-08-25
DOC-01381,EMP-0646,Offer Letter,Complete,2017-07-17,2017-07-22,,2018-09-11
DOC-01382,EMP-0646,I-9,Complete,2017-07-22,2017-07-22,,2025-11-23
DOC-01383,EMP-0646,Offboarding Form,Complete,2025-05-02,2025-05-02,,2026-08-29
DOC-01384,EMP-0647,Offer Letter,Complete,2020-05-04,2020-05-07,,2023-11-18
DOC-01385,EMP-0647,I-9,Complete,2020-05-09,2020-05-07,,2023-07-17
DOC-01386,EMP-0648,Offer Letter,Complete,2021-12-30,2022-01-04,,2022-04-04
DOC-01387,EMP-0648,I-9,Complete,2022-01-07,2022-01-04,,2022-01-17
DOC-01388,EMP-0649,Offer Letter,Complete,2018-05-06,2018-05-10,,2025-03-15
DOC-01389,EMP-0649,I-9,Complete,2018-05-10,2018-05-10,,2023-01-20
DOC-01390,EMP-0650,Offer Letter,Complete,2023-12-04,2023-12-10,,2026-01-29
DOC-01391,EMP-0650,I-9,Complete,2023-12-13,2023-12-10,,2025-12-08
DOC-01392,EMP-0651,Offer Letter,Complete,2019-01-19,2019-01-20,,2023-06-03
DOC-01393,EMP-0651,I-9,Complete,2019-01-21,2019-01-20,,2023-08-23
DOC-01394,EMP-0651,Offboarding Form,Complete,2021-01-18,2021-01-18,,2026-08-29
DOC-01395,EMP-0652,Offer Letter,Complete,2018-12-06,2018-12-14,,2025-09-12
DOC-01396,EMP-0652,I-9,Complete,2018-12-16,2018-12-14,,2022-02-23
DOC-01397,EMP-0653,Offer Letter,Complete,2022-12-30,2023-01-04,,2024-06-14
DOC-01398,EMP-0653,I-9,Complete,2023-01-05,2023-01-04,,2025-12-08
DOC-01399,EMP-0654,Offer Letter,Complete,2023-06-17,2023-06-20,,2024-08-08
DOC-01400,EMP-0654,I-9,Complete,2023-06-20,2023-06-20,,2025-08-12
DOC-01401,EMP-0654,Offboarding Form,Complete,2023-08-06,2023-08-06,,2026-08-29
DOC-01402,EMP-0655,Offer Letter,Complete,2019-09-13,2019-09-15,,2026-04-02
DOC-01403,EMP-0655,I-9,Complete,2019-09-17,2019-09-15,,2024-04-05
DOC-01404,EMP-0656,Offer Letter,Complete,2022-01-14,2022-01-21,,2023-03-03
DOC-01405,EMP-0656,I-9,Complete,2022-01-23,2022-01-21,,2024-02-27
DOC-01406,EMP-0657,Offer Letter,Complete,2021-07-14,2021-07-22,,2021-11-20
DOC-01407,EMP-0657,I-9,Complete,2021-07-22,2021-07-22,,2021-08-13
DOC-01408,EMP-0658,Offer Letter,Complete,2016-07-03,2016-07-07,,2018-05-15
DOC-01409,EMP-0658,I-9,Complete,2016-07-07,2016-07-07,,2023-04-05
DOC-01410,EMP-0659,Offer Letter,Complete,2019-10-03,2019-10-05,,2023-06-24
DOC-01411,EMP-0659,I-9,Complete,2019-10-07,2019-10-05,,2025-07-05
DOC-01412,EMP-0660,Offer Letter,Complete,2021-01-12,2021-01-19,,2023-05-15
DOC-01413,EMP-0660,I-9,Complete,2021-01-21,2021-01-19,,2022-08-19
DOC-01414,EMP-0660,Offboarding Form,Complete,2021-07-10,2021-07-10,,2026-08-29
DOC-01415,EMP-0661,Offer Letter,Complete,2016-01-21,2016-01-25,,2022-01-25
DOC-01416,EMP-0661,I-9,Complete,2016-01-26,2016-01-25,,2019-02-01
DOC-01417,EMP-0662,Offer Letter,Complete,2018-10-12,2018-10-16,,2023-09-25
DOC-01418,EMP-0662,I-9,Complete,2018-10-16,2018-10-16,,2023-07-07
DOC-01419,EMP-0663,Offer Letter,Complete,2021-06-26,2021-07-01,,2022-11-02
DOC-01420,EMP-0663,I-9,Complete,2021-07-01,2021-07-01,,2022-03-27
DOC-01421,EMP-0663,Offboarding Form,Complete,2026-04-23,2026-04-23,,2026-08-29
DOC-01422,EMP-0664,Offer Letter,Complete,2020-08-31,2020-09-05,,2021-01-20
DOC-01423,EMP-0664,I-9,Complete,2020-09-07,2020-09-05,,2023-02-05
DOC-01424,EMP-0665,Offer Letter,Complete,2025-04-27,2025-05-01,,2026-05-07
DOC-01425,EMP-0665,I-9,Complete,2025-05-02,2025-05-01,,2026-06-11
DOC-01426,EMP-0666,Offer Letter,Complete,2017-06-14,2017-06-23,,2020-09-12
DOC-01427,EMP-0666,I-9,Complete,2017-06-26,2017-06-23,,2022-03-19
DOC-01428,EMP-0667,Offer Letter,Complete,2016-03-06,2016-03-07,,2018-12-17
DOC-01429,EMP-0667,I-9,Complete,2016-03-07,2016-03-07,,2019-12-20
DOC-01430,EMP-0668,Offer Letter,Complete,2018-05-08,2018-05-14,,2020-11-28
DOC-01431,EMP-0668,I-9,Complete,2018-05-14,2018-05-14,,2022-06-12
DOC-01432,EMP-0669,Offer Letter,Complete,2019-05-14,2019-05-18,,2022-08-29
DOC-01433,EMP-0669,I-9,Complete,2019-05-19,2019-05-18,,2020-11-29
DOC-01434,EMP-0670,Offer Letter,Complete,2025-09-17,2025-09-20,,2026-01-16
DOC-01435,EMP-0670,I-9,Complete,2025-09-20,2025-09-20,,2025-11-05
DOC-01436,EMP-0671,Offer Letter,Complete,2019-07-24,2019-07-31,,2022-11-20
DOC-01437,EMP-0671,I-9,Complete,2019-08-01,2019-07-31,,2022-08-07
DOC-01438,EMP-0672,Offer Letter,Complete,2024-01-29,2024-01-30,,2025-01-19
DOC-01439,EMP-0672,I-9,Complete,2024-02-02,2024-01-30,,2025-12-21
DOC-01440,EMP-0672,Offboarding Form,Complete,2026-02-21,2026-02-21,,2026-08-29
DOC-01441,EMP-0673,Offer Letter,Complete,2021-10-26,2021-10-30,,2026-08-07
DOC-01442,EMP-0673,I-9,Complete,2021-10-31,2021-10-30,,2026-04-01
DOC-01443,EMP-0674,Offer Letter,Complete,2024-09-07,2024-09-10,,2025-08-17
DOC-01444,EMP-0674,I-9,Complete,2024-09-11,2024-09-10,,2026-08-08
DOC-01445,EMP-0675,Offer Letter,Complete,2026-02-27,2026-03-06,,2026-05-11
DOC-01446,EMP-0675,I-9,Complete,2026-03-06,2026-03-06,,2026-04-27
DOC-01447,EMP-0676,Offer Letter,Complete,2021-09-28,2021-10-02,,2023-10-29
DOC-01448,EMP-0676,I-9,Complete,2021-10-03,2021-10-02,,2022-08-30
DOC-01449,EMP-0676,Offboarding Form,Complete,2024-08-25,2024-08-25,,2026-08-29
DOC-01450,EMP-0677,Offer Letter,Complete,2018-09-02,2018-09-10,,2022-01-15
DOC-01451,EMP-0677,I-9,Complete,2018-09-12,2018-09-10,,2026-02-22
DOC-01452,EMP-0677,Offboarding Form,Complete,2025-08-15,2025-08-15,,2026-08-29
DOC-01453,EMP-0678,Offer Letter,Complete,2021-04-21,2021-04-21,,2022-08-21
DOC-01454,EMP-0678,I-9,Complete,2021-04-21,2021-04-21,,2026-05-22
DOC-01455,EMP-0679,Offer Letter,Complete,2018-04-11,2018-04-17,,2018-09-10
DOC-01456,EMP-0679,I-9,Complete,2018-04-20,2018-04-17,,2023-06-29
DOC-01457,EMP-0679,Offboarding Form,Complete,2023-10-01,2023-10-01,,2026-08-29
DOC-01458,EMP-0680,Offer Letter,Complete,2018-06-25,2018-06-25,,2024-11-07
DOC-01459,EMP-0680,I-9,Complete,2018-06-27,2018-06-25,,2019-02-25
DOC-01460,EMP-0681,Offer Letter,Complete,2019-07-02,2019-07-02,,2022-12-26
DOC-01461,EMP-0681,I-9,Complete,2019-07-03,2019-07-02,,2026-06-20
DOC-01462,EMP-0682,Offer Letter,Complete,2021-05-02,2021-05-07,,2021-10-09
DOC-01463,EMP-0682,I-9,Complete,2021-05-08,2021-05-07,,2026-06-03
DOC-01464,EMP-0683,Offer Letter,Complete,2026-06-15,2026-06-20,,2026-07-10
DOC-01465,EMP-0683,I-9,Complete,2026-06-21,2026-06-20,,2026-07-07
DOC-01466,EMP-0684,Offer Letter,Complete,2018-02-28,2018-03-10,,2018-05-26
DOC-01467,EMP-0684,I-9,Complete,2018-03-10,2018-03-10,,2021-10-22
DOC-01468,EMP-0684,Offboarding Form,Complete,2019-09-18,2019-09-18,,2026-08-29
DOC-01469,EMP-0685,Offer Letter,Complete,2017-04-25,2017-05-04,,2019-09-22
DOC-01470,EMP-0685,I-9,Complete,2017-05-07,2017-05-04,,2018-01-02
DOC-01471,EMP-0685,Offboarding Form,Complete,2021-07-18,2021-07-18,,2026-08-29
DOC-01472,EMP-0686,Offer Letter,Complete,2020-10-04,2020-10-12,,2021-04-23
DOC-01473,EMP-0686,I-9,Complete,2020-10-13,2020-10-12,,2024-01-19
DOC-01474,EMP-0687,Offer Letter,Complete,2019-05-23,2019-05-25,,2025-05-22
DOC-01475,EMP-0687,I-9,Complete,2019-05-28,2019-05-25,,2021-02-05
DOC-01476,EMP-0688,Offer Letter,Complete,2023-12-08,2023-12-08,,2024-02-05
DOC-01477,EMP-0688,I-9,Complete,2023-12-08,2023-12-08,,2024-04-30
DOC-01478,EMP-0689,Offer Letter,Complete,2016-06-22,2016-06-26,,2020-12-02
DOC-01479,EMP-0689,I-9,Complete,2016-06-29,2016-06-26,,2018-06-26
DOC-01480,EMP-0689,Offboarding Form,Complete,2020-03-11,2020-03-11,,2026-08-29
DOC-01481,EMP-0690,Offer Letter,Complete,2023-11-23,2023-11-23,,2025-06-25
DOC-01482,EMP-0690,I-9,Complete,2023-11-26,2023-11-23,,2026-01-09
DOC-01483,EMP-0691,Offer Letter,Complete,2020-09-15,2020-09-23,,2025-02-04
DOC-01484,EMP-0691,I-9,Complete,2020-09-25,2020-09-23,,2025-05-31
DOC-01485,EMP-0691,Offboarding Form,Complete,2026-08-29,,,2026-08-29
DOC-01486,EMP-0692,Offer Letter,Complete,2019-09-04,2019-09-04,,2020-11-20
DOC-01487,EMP-0692,I-9,Complete,2019-09-04,2019-09-04,,2021-08-16
DOC-01488,EMP-0693,Offer Letter,Complete,2026-01-03,2026-01-13,,2026-07-30
DOC-01489,EMP-0693,I-9,Complete,2026-01-15,2026-01-13,,2026-07-27
DOC-01490,EMP-0694,Offer Letter,Complete,2018-09-26,2018-09-29,,2026-07-05
DOC-01491,EMP-0694,I-9,Complete,2018-10-01,2018-09-29,,2019-12-18
DOC-01492,EMP-0695,Offer Letter,Complete,2019-03-31,2019-04-05,,2024-02-02
DOC-01493,EMP-0695,I-9,Complete,2019-04-06,2019-04-05,,2025-08-26
DOC-01494,EMP-0696,Offer Letter,Complete,2025-06-11,2025-06-17,,2026-05-29
DOC-01495,EMP-0696,I-9,Complete,2025-06-19,2025-06-17,,2025-08-27
DOC-01496,EMP-0697,Offer Letter,Complete,2018-03-16,2018-03-23,,2020-07-27
DOC-01497,EMP-0697,I-9,Complete,2018-03-26,2018-03-23,,2019-08-26
DOC-01498,EMP-0698,Offer Letter,Complete,2016-04-06,2016-04-12,,2019-08-03
DOC-01499,EMP-0698,I-9,Complete,2016-04-13,2016-04-12,,2026-03-07
DOC-01500,EMP-0698,Offboarding Form,Complete,2018-03-20,2018-03-20,,2026-08-29
DOC-01501,EMP-0699,Offer Letter,Complete,2025-01-14,2025-01-23,,2025-10-18
DOC-01502,EMP-0699,I-9,Complete,2025-01-23,2025-01-23,,2025-08-04
DOC-01503,EMP-0700,Offer Letter,Complete,2022-10-31,2022-11-07,,2025-05-10
DOC-01504,EMP-0700,I-9,Complete,2022-11-08,2022-11-07,,2026-04-10
DOC-01505,EMP-0701,Offer Letter,Complete,2017-12-10,2017-12-10,,2023-08-25
DOC-01506,EMP-0701,I-9,Complete,2017-12-10,2017-12-10,,2026-02-14
DOC-01507,EMP-0702,Offer Letter,Complete,2016-06-21,2016-06-25,,2024-03-06
DOC-01508,EMP-0702,I-9,Complete,2016-06-25,2016-06-25,,2020-04-13
DOC-01509,EMP-0703,Offer Letter,Complete,2024-08-11,2024-08-14,,2026-03-19
DOC-01510,EMP-0703,I-9,Complete,2024-08-16,2024-08-14,,2024-10-16
DOC-01511,EMP-0704,Offer Letter,Complete,2018-06-29,2018-07-01,,2023-08-26
DOC-01512,EMP-0704,I-9,Complete,2018-07-01,2018-07-01,,2019-07-06
DOC-01513,EMP-0705,Offer Letter,Complete,2017-02-14,2017-02-16,,2026-03-26
DOC-01514,EMP-0705,I-9,Complete,2017-02-19,2017-02-16,,2022-02-24
DOC-01515,EMP-0706,Offer Letter,Complete,2023-10-19,2023-10-20,,2026-01-15
DOC-01516,EMP-0706,I-9,Complete,2023-10-22,2023-10-20,,2025-04-05
DOC-01517,EMP-0707,Offer Letter,Complete,2019-11-11,2019-11-11,,2026-08-04
DOC-01518,EMP-0707,I-9,Complete,2019-11-13,2019-11-11,,2025-05-25
DOC-01519,EMP-0707,Offboarding Form,Complete,2022-08-03,2022-08-03,,2026-08-29
DOC-01520,EMP-0708,Offer Letter,Complete,2018-12-17,2018-12-25,,2023-11-26
DOC-01521,EMP-0708,I-9,Complete,2018-12-28,2018-12-25,,2025-12-05
DOC-01522,EMP-0708,Offboarding Form,Complete,2020-09-01,2020-09-01,,2026-08-29
DOC-01523,EMP-0709,Offer Letter,Complete,2025-10-26,2025-11-04,,2026-06-14
DOC-01524,EMP-0709,I-9,Complete,2025-11-05,2025-11-04,,2026-07-18
DOC-01525,EMP-0710,Offer Letter,Complete,2025-02-10,2025-02-18,,2025-02-26
DOC-01526,EMP-0710,I-9,Complete,2025-02-20,2025-02-18,,2026-05-13
DOC-01527,EMP-0711,Offer Letter,Complete,2017-06-20,2017-06-25,,2023-12-16
DOC-01528,EMP-0711,I-9,Complete,2017-06-25,2017-06-25,,2022-12-08
DOC-01529,EMP-0712,Offer Letter,Complete,2020-07-07,2020-07-09,,2024-06-19
DOC-01530,EMP-0712,I-9,Complete,2020-07-12,2020-07-09,,2025-03-19
DOC-01531,EMP-0713,Offer Letter,Complete,2019-02-22,2019-02-27,,2019-05-29
DOC-01532,EMP-0713,I-9,Complete,2019-02-28,2019-02-27,,2023-05-16
DOC-01533,EMP-0714,Offer Letter,Complete,2026-02-04,2026-02-10,,2026-03-27
DOC-01534,EMP-0714,I-9,Complete,2026-02-10,2026-02-10,,2026-06-15
DOC-01535,EMP-0715,Offer Letter,Complete,2016-03-21,2016-03-26,,2022-03-17
DOC-01536,EMP-0715,I-9,Complete,2016-03-29,2016-03-26,,2020-11-06
DOC-01537,EMP-0716,Offer Letter,Complete,2024-07-07,2024-07-16,,2025-10-22
DOC-01538,EMP-0716,I-9,Complete,2024-07-16,2024-07-16,,2024-07-30
DOC-01539,EMP-0716,Offboarding Form,Complete,2026-04-22,2026-04-22,,2026-08-29
DOC-01540,EMP-0717,Offer Letter,Complete,2023-08-09,2023-08-19,,2023-12-02
DOC-01541,EMP-0717,I-9,Complete,2023-08-20,2023-08-19,,2026-04-21
DOC-01542,EMP-0718,Offer Letter,Complete,2020-12-07,2020-12-12,,2021-08-14
DOC-01543,EMP-0718,I-9,Complete,2020-12-12,2020-12-12,,2025-09-10
DOC-01544,EMP-0719,Offer Letter,Complete,2020-02-18,2020-02-21,,2022-06-17
DOC-01545,EMP-0719,I-9,Complete,2020-02-23,2020-02-21,,2025-10-20
DOC-01546,EMP-0720,Offer Letter,Complete,2024-06-15,2024-06-21,,2024-12-09
DOC-01547,EMP-0720,I-9,Complete,2024-06-22,2024-06-21,,2025-05-22
DOC-01548,EMP-0721,Offer Letter,Complete,2022-12-10,2022-12-13,,2026-02-08
DOC-01549,EMP-0721,I-9,Complete,2022-12-16,2022-12-13,,2024-12-06
DOC-01550,EMP-0722,Offer Letter,Complete,2021-06-20,2021-06-21,,2024-07-09
DOC-01551,EMP-0722,I-9,Complete,2021-06-24,2021-06-21,,2025-01-28
DOC-01552,EMP-0723,Offer Letter,Complete,2025-10-03,2025-10-12,,2026-08-21
DOC-01553,EMP-0723,I-9,Complete,2025-10-13,2025-10-12,,2026-08-16
DOC-01554,EMP-0724,Offer Letter,Complete,2022-09-26,2022-09-27,,2024-07-08
DOC-01555,EMP-0724,I-9,Complete,2022-09-28,2022-09-27,,2023-06-09
DOC-01556,EMP-0725,Offer Letter,Complete,2022-03-26,2022-04-05,,2024-11-22
DOC-01557,EMP-0725,I-9,Complete,2022-04-08,2022-04-05,,2024-11-24
DOC-01558,EMP-0726,Offer Letter,Complete,2018-07-11,2018-07-17,,2019-11-02
DOC-01559,EMP-0726,I-9,Complete,2018-07-18,2018-07-17,,2022-06-02
DOC-01560,EMP-0727,Offer Letter,Complete,2018-04-17,2018-04-26,,2024-10-19
DOC-01561,EMP-0727,I-9,Complete,2018-04-27,2018-04-26,,2024-08-21
DOC-01562,EMP-0728,Offer Letter,Complete,2022-12-30,2023-01-07,,2024-07-29
DOC-01563,EMP-0728,I-9,Complete,2023-01-10,2023-01-07,,2024-02-27
DOC-01564,EMP-0729,Offer Letter,Complete,2023-06-06,2023-06-13,,2025-01-13
DOC-01565,EMP-0729,I-9,Complete,2023-06-13,2023-06-13,,2024-02-16
DOC-01566,EMP-0730,Offer Letter,Complete,2024-08-08,2024-08-15,,2026-03-29
DOC-01567,EMP-0730,I-9,Complete,2024-08-15,2024-08-15,,2026-08-05
DOC-01568,EMP-0731,Offer Letter,Complete,2024-05-26,2024-06-02,,2025-02-04
DOC-01569,EMP-0731,I-9,Complete,2024-06-04,2024-06-02,,2024-10-08
DOC-01570,EMP-0732,Offer Letter,Complete,2018-07-27,2018-08-05,,2025-04-21
DOC-01571,EMP-0732,I-9,Complete,2018-08-08,2018-08-05,,2022-06-17
DOC-01572,EMP-0733,Offer Letter,Complete,2024-12-23,2025-01-01,,2025-01-15
DOC-01573,EMP-0733,I-9,Complete,2025-01-04,2025-01-01,,2025-09-06
DOC-01574,EMP-0733,Offboarding Form,Complete,2025-09-15,2025-09-15,,2026-08-29
DOC-01575,EMP-0734,Offer Letter,Complete,2020-07-26,2020-07-26,,2024-08-09
DOC-01576,EMP-0734,I-9,Complete,2020-07-27,2020-07-26,,2020-08-13
DOC-01577,EMP-0735,Offer Letter,Complete,2020-05-07,2020-05-12,,2023-07-30
DOC-01578,EMP-0735,I-9,Complete,2020-05-14,2020-05-12,,2020-07-05
DOC-01579,EMP-0736,Offer Letter,Complete,2016-11-04,2016-11-06,,2021-11-30
DOC-01580,EMP-0736,I-9,Complete,2016-11-06,2016-11-06,,2025-08-13
DOC-01581,EMP-0737,Offer Letter,Complete,2021-07-01,2021-07-07,,2021-12-07
DOC-01582,EMP-0737,I-9,Complete,2021-07-08,2021-07-07,,2024-04-08
DOC-01583,EMP-0738,Offer Letter,Complete,2016-01-30,2016-02-04,,2025-04-09
DOC-01584,EMP-0738,I-9,Complete,2016-02-05,2016-02-04,,2024-08-20
DOC-01585,EMP-0739,Offer Letter,Complete,2019-04-15,2019-04-22,,2026-05-21
DOC-01586,EMP-0739,I-9,Complete,2019-04-22,2019-04-22,,2026-08-12
DOC-01587,EMP-0740,Offer Letter,Complete,2022-04-21,2022-04-27,,2023-01-23
DOC-01588,EMP-0740,I-9,Complete,2022-04-28,2022-04-27,,2022-11-29
DOC-01589,EMP-0741,Offer Letter,Complete,2018-07-26,2018-07-30,,2025-06-01
DOC-01590,EMP-0741,I-9,Complete,2018-07-31,2018-07-30,,2020-02-18
DOC-01591,EMP-0741,Offboarding Form,Complete,2022-09-24,2022-09-24,,2026-08-29
DOC-01592,EMP-0742,Offer Letter,Complete,2022-04-16,2022-04-26,,2024-11-22
DOC-01593,EMP-0742,I-9,Complete,2022-04-29,2022-04-26,,2024-11-24
DOC-01594,EMP-0742,Offboarding Form,Complete,2024-05-26,2024-05-26,,2026-08-29
DOC-01595,EMP-0743,Offer Letter,Complete,2023-05-27,2023-05-29,,2026-04-30
DOC-01596,EMP-0743,I-9,Complete,2023-05-29,2023-05-29,,2023-12-05
DOC-01597,EMP-0744,Offer Letter,Complete,2022-06-22,2022-06-25,,2026-07-30
DOC-01598,EMP-0744,I-9,Complete,2022-06-26,2022-06-25,,2024-10-06
DOC-01599,EMP-0745,Offer Letter,Complete,2016-10-01,2016-10-03,,2026-01-27
DOC-01600,EMP-0745,I-9,Complete,2016-10-05,2016-10-03,,2018-10-20
DOC-01601,EMP-0746,Offer Letter,Complete,2019-12-14,2019-12-17,,2021-05-20
DOC-01602,EMP-0746,I-9,Complete,2019-12-18,2019-12-17,,2026-02-01
DOC-01603,EMP-0747,Offer Letter,Complete,2024-06-25,2024-07-01,,2026-03-01
DOC-01604,EMP-0747,I-9,Complete,2024-07-04,2024-07-01,,2026-02-15
DOC-01605,EMP-0748,Offer Letter,Complete,2022-04-18,2022-04-21,,2025-05-21
DOC-01606,EMP-0748,I-9,Complete,2022-04-21,2022-04-21,,2024-02-12
DOC-01607,EMP-0749,Offer Letter,Complete,2024-08-01,2024-08-02,,2026-08-08
DOC-01608,EMP-0749,I-9,Complete,2024-08-05,2024-08-02,,2025-05-20
DOC-01609,EMP-0750,Offer Letter,Complete,2020-08-12,2020-08-13,,2023-02-04
DOC-01610,EMP-0750,I-9,Complete,2020-08-16,2020-08-13,,2022-04-03
DOC-01611,EMP-0751,Offer Letter,Complete,2018-08-17,2018-08-21,,2021-08-07
DOC-01612,EMP-0751,I-9,Complete,2018-08-22,2018-08-21,,2026-05-03
DOC-01613,EMP-0752,Offer Letter,Complete,2019-07-25,2019-07-26,,2022-11-21
DOC-01614,EMP-0752,I-9,Complete,2019-07-27,2019-07-26,,2021-09-30
DOC-01615,EMP-0753,Offer Letter,Complete,2021-05-01,2021-05-11,,2021-07-18
DOC-01616,EMP-0753,I-9,Complete,2021-05-11,2021-05-11,,2021-11-12
DOC-01617,EMP-0754,Offer Letter,Complete,2018-05-02,2018-05-03,,2019-05-13
DOC-01618,EMP-0754,I-9,Complete,2018-05-05,2018-05-03,,2025-08-14
DOC-01619,EMP-0755,Offer Letter,Complete,2024-11-01,2024-11-10,,2025-03-12
DOC-01620,EMP-0755,I-9,Complete,2024-11-13,2024-11-10,,2025-10-30
DOC-01621,EMP-0755,Offboarding Form,Complete,2025-11-20,2025-11-20,,2026-08-29
DOC-01622,EMP-0756,Offer Letter,Complete,2016-01-28,2016-01-30,,2026-05-26
DOC-01623,EMP-0756,I-9,Complete,2016-01-31,2016-01-30,,2019-06-02
DOC-01624,EMP-0757,Offer Letter,Complete,2018-12-17,2018-12-18,,2025-08-25
DOC-01625,EMP-0757,I-9,Complete,2018-12-21,2018-12-18,,2024-07-26
DOC-01626,EMP-0758,Offer Letter,Complete,2021-03-07,2021-03-11,,2021-05-27
DOC-01627,EMP-0758,I-9,Complete,2021-03-12,2021-03-11,,2025-03-18
DOC-01628,EMP-0758,Offboarding Form,Complete,2021-06-19,2021-06-19,,2026-08-29
DOC-01629,EMP-0759,Offer Letter,Complete,2024-11-23,2024-11-29,,2026-02-07
DOC-01630,EMP-0759,I-9,Complete,2024-11-30,2024-11-29,,2026-06-19
DOC-01631,EMP-0760,Offer Letter,Complete,2018-04-10,2018-04-16,,2024-07-15
DOC-01632,EMP-0760,I-9,Complete,2018-04-19,2018-04-16,,2021-10-19
DOC-01633,EMP-0760,Offboarding Form,Complete,2023-12-15,2023-12-15,,2026-08-29
DOC-01634,EMP-0761,Offer Letter,Complete,2026-06-02,2026-06-08,,2026-07-30
DOC-01635,EMP-0761,I-9,Complete,2026-06-09,2026-06-08,,2026-07-10
DOC-01636,EMP-0762,Offer Letter,Complete,2022-10-14,2022-10-18,,2026-06-26
DOC-01637,EMP-0762,I-9,Complete,2022-10-19,2022-10-18,,2024-05-08
DOC-01638,EMP-0763,Offer Letter,Complete,2021-08-08,2021-08-09,,2024-01-03
DOC-01639,EMP-0763,I-9,Complete,2021-08-12,2021-08-09,,2021-09-19
DOC-01640,EMP-0764,Offer Letter,Complete,2020-08-06,2020-08-11,,2026-05-26
DOC-01641,EMP-0764,I-9,Complete,2020-08-11,2020-08-11,,2023-04-16
DOC-01642,EMP-0765,Offer Letter,Complete,2025-11-11,2025-11-18,,2026-03-15
DOC-01643,EMP-0765,I-9,Complete,2025-11-19,2025-11-18,,2026-05-06
DOC-01644,EMP-0766,Offer Letter,Complete,2024-11-25,2024-11-27,,2025-04-13
DOC-01645,EMP-0766,I-9,Complete,2024-11-27,2024-11-27,,2026-08-25
DOC-01646,EMP-0767,Offer Letter,Complete,2017-01-12,2017-01-14,,2021-05-25
DOC-01647,EMP-0767,I-9,Complete,2017-01-17,2017-01-14,,2026-04-23
DOC-01648,EMP-0768,Offer Letter,Complete,2016-12-10,2016-12-20,,2024-11-20
DOC-01649,EMP-0768,I-9,Complete,2016-12-23,2016-12-20,,2018-02-17
DOC-01650,EMP-0769,Offer Letter,Complete,2023-12-02,2023-12-12,,2024-09-04
DOC-01651,EMP-0769,I-9,Complete,2023-12-15,2023-12-12,,2024-08-27
DOC-01652,EMP-0769,Offboarding Form,Complete,2024-04-19,2024-04-19,,2026-08-29
DOC-01653,EMP-0770,Offer Letter,Complete,2022-05-07,2022-05-08,,2024-06-27
DOC-01654,EMP-0770,I-9,Complete,2022-05-10,2022-05-08,,2023-03-24
DOC-01655,EMP-0771,Offer Letter,Complete,2018-04-30,2018-05-06,,2022-03-06
DOC-01656,EMP-0771,I-9,Complete,2018-05-08,2018-05-06,,2026-05-15
DOC-01657,EMP-0772,Offer Letter,Complete,2025-06-05,2025-06-13,,2026-07-10
DOC-01658,EMP-0772,I-9,Complete,2025-06-15,2025-06-13,,2026-07-04
DOC-01659,EMP-0773,Offer Letter,Complete,2018-06-17,2018-06-27,,2019-06-06
DOC-01660,EMP-0773,I-9,Complete,2018-06-30,2018-06-27,,2018-08-09
DOC-01661,EMP-0774,Offer Letter,Complete,2020-04-06,2020-04-08,,2025-09-16
DOC-01662,EMP-0774,I-9,Complete,2020-04-10,2020-04-08,,2022-10-13
DOC-01663,EMP-0775,Offer Letter,Complete,2021-04-26,2021-05-06,,2026-08-14
DOC-01664,EMP-0775,I-9,Complete,2021-05-06,2021-05-06,,2023-09-16
DOC-01665,EMP-0776,Offer Letter,Complete,2019-10-31,2019-11-03,,2022-04-08
DOC-01666,EMP-0776,I-9,Complete,2019-11-03,2019-11-03,,2024-06-13
DOC-01667,EMP-0777,Offer Letter,Complete,2020-01-19,2020-01-20,,2026-01-05
DOC-01668,EMP-0777,I-9,Complete,2020-01-20,2020-01-20,,2020-09-13
DOC-01669,EMP-0778,Offer Letter,Complete,2024-09-12,2024-09-12,,2025-03-25
DOC-01670,EMP-0778,I-9,Complete,2024-09-13,2024-09-12,,2025-09-22
DOC-01671,EMP-0779,Offer Letter,Complete,2024-03-28,2024-04-02,,2025-10-16
DOC-01672,EMP-0779,I-9,Complete,2024-04-04,2024-04-02,,2025-09-25
DOC-01673,EMP-0780,Offer Letter,Complete,2018-04-13,2018-04-22,,2018-09-01
DOC-01674,EMP-0780,I-9,Complete,2018-04-22,2018-04-22,,2023-06-06
DOC-01675,EMP-0781,Offer Letter,Complete,2020-04-11,2020-04-11,,2025-05-10
DOC-01676,EMP-0781,I-9,Complete,2020-04-11,2020-04-11,,2024-12-23
DOC-01677,EMP-0782,Offer Letter,Complete,2016-04-03,2016-04-05,,2023-07-01
DOC-01678,EMP-0782,I-9,Complete,2016-04-05,2016-04-05,,2018-11-28
DOC-01679,EMP-0783,Offer Letter,Complete,2024-09-28,2024-10-01,,2026-03-30
DOC-01680,EMP-0783,I-9,Complete,2024-10-03,2024-10-01,,2025-05-05
DOC-01681,EMP-0784,Offer Letter,Complete,2017-12-06,2017-12-11,,2026-02-10
DOC-01682,EMP-0784,I-9,Complete,2017-12-11,2017-12-11,,2018-07-10
DOC-01683,EMP-0785,Offer Letter,Complete,2020-05-09,2020-05-15,,2026-03-13
DOC-01684,EMP-0785,I-9,Complete,2020-05-16,2020-05-15,,2021-01-02
DOC-01685,EMP-0786,Offer Letter,Complete,2025-11-07,2025-11-07,,2026-02-23
DOC-01686,EMP-0786,I-9,Complete,2025-11-08,2025-11-07,,2025-12-25
DOC-01687,EMP-0787,Offer Letter,Complete,2020-12-31,2021-01-06,,2021-12-30
DOC-01688,EMP-0787,I-9,Complete,2021-01-07,2021-01-06,,2021-10-09
DOC-01689,EMP-0788,Offer Letter,Complete,2025-10-10,2025-10-12,,2026-04-20
DOC-01690,EMP-0788,I-9,Complete,2025-10-14,2025-10-12,,2026-07-21
DOC-01691,EMP-0789,Offer Letter,Complete,2025-12-25,2026-01-03,,2026-08-28
DOC-01692,EMP-0789,I-9,Complete,2026-01-04,2026-01-03,,2026-02-11
DOC-01693,EMP-0790,Offer Letter,Complete,2026-03-08,2026-03-18,,2026-08-21
DOC-01694,EMP-0790,I-9,Complete,2026-03-18,2026-03-18,,2026-07-16
DOC-01695,EMP-0791,Offer Letter,Complete,2022-02-15,2022-02-19,,2025-12-08
DOC-01696,EMP-0791,I-9,Complete,2022-02-19,2022-02-19,,2024-01-11
DOC-01697,EMP-0792,Offer Letter,Complete,2017-07-01,2017-07-11,,2019-12-19
DOC-01698,EMP-0792,I-9,Complete,2017-07-13,2017-07-11,,2020-07-12
DOC-01699,EMP-0793,Offer Letter,Complete,2025-05-04,2025-05-10,,2026-03-04
DOC-01700,EMP-0793,I-9,Complete,2025-05-10,2025-05-10,,2025-11-08
DOC-01701,EMP-0794,Offer Letter,Complete,2021-05-04,2021-05-14,,2025-05-14
DOC-01702,EMP-0794,I-9,Complete,2021-05-14,2021-05-14,,2022-07-01
DOC-01703,EMP-0795,Offer Letter,Complete,2023-04-19,2023-04-24,,2026-07-29
DOC-01704,EMP-0795,I-9,Complete,2023-04-27,2023-04-24,,2023-12-18
DOC-01705,EMP-0796,Offer Letter,Complete,2022-04-03,2022-04-07,,2024-09-06
DOC-01706,EMP-0796,I-9,Complete,2022-04-09,2022-04-07,,2023-04-07
DOC-01707,EMP-0797,Offer Letter,Complete,2020-09-15,2020-09-24,,2021-07-17
DOC-01708,EMP-0797,I-9,Complete,2020-09-27,2020-09-24,,2022-07-23
DOC-01709,EMP-0798,Offer Letter,Complete,2023-01-13,2023-01-22,,2026-06-09
DOC-01710,EMP-0798,I-9,Complete,2023-01-22,2023-01-22,,2023-05-20
DOC-01711,EMP-0799,Offer Letter,Complete,2023-04-01,2023-04-01,,2025-06-11
DOC-01712,EMP-0799,I-9,Complete,2023-04-01,2023-04-01,,2026-06-15
DOC-01713,EMP-0800,Offer Letter,Complete,2021-06-30,2021-07-07,,2026-08-02
DOC-01714,EMP-0800,I-9,Complete,2021-07-08,2021-07-07,,2023-11-05
DOC-01715,EMP-0801,Offer Letter,Complete,2017-11-07,2017-11-14,,2020-11-14
DOC-01716,EMP-0801,I-9,Complete,2017-11-14,2017-11-14,,2021-05-01
DOC-01717,EMP-0802,Offer Letter,Complete,2021-11-27,2021-12-06,,2023-06-22
DOC-01718,EMP-0802,I-9,Complete,2021-12-06,2021-12-06,,2022-01-23
DOC-01719,EMP-0803,Offer Letter,Complete,2026-02-26,2026-03-01,,2026-05-24
DOC-01720,EMP-0803,I-9,Complete,2026-03-03,2026-03-01,,2026-03-20
DOC-01721,EMP-0804,Offer Letter,Complete,2022-10-26,2022-10-28,,2025-10-20
DOC-01722,EMP-0804,I-9,Complete,2022-10-30,2022-10-28,,2025-08-27
DOC-01723,EMP-0805,Offer Letter,Complete,2024-07-20,2024-07-30,,2025-06-27
DOC-01724,EMP-0805,I-9,Complete,2024-07-31,2024-07-30,,2026-01-07
DOC-01725,EMP-0806,Offer Letter,Complete,2019-03-12,2019-03-17,,2021-04-08
DOC-01726,EMP-0806,I-9,Complete,2019-03-18,2019-03-17,,2025-07-03
DOC-01727,EMP-0807,Offer Letter,Complete,2026-05-16,2026-05-25,,2026-06-03
DOC-01728,EMP-0807,I-9,Complete,2026-05-27,2026-05-25,,2026-06-14
DOC-01729,EMP-0808,Offer Letter,Complete,2026-02-07,2026-02-12,,2026-05-19
DOC-01730,EMP-0808,I-9,Complete,2026-02-15,2026-02-12,,2026-03-08
DOC-01731,EMP-0809,Offer Letter,Complete,2023-01-23,2023-01-24,,2024-01-24
DOC-01732,EMP-0809,I-9,Complete,2023-01-26,2023-01-24,,2024-08-28
DOC-01733,EMP-0810,Offer Letter,Complete,2020-11-12,2020-11-19,,2023-04-30
DOC-01734,EMP-0810,I-9,Complete,2020-11-21,2020-11-19,,2023-01-07
DOC-01735,EMP-0811,Offer Letter,Complete,2023-01-09,2023-01-16,,2024-09-26
DOC-01736,EMP-0811,I-9,Complete,2023-01-19,2023-01-16,,2023-08-07
DOC-01737,EMP-0812,Offer Letter,Complete,2020-09-01,2020-09-05,,2022-08-01
DOC-01738,EMP-0812,I-9,Complete,2020-09-06,2020-09-05,,2020-12-16
DOC-01739,EMP-0813,Offer Letter,Complete,2018-10-03,2018-10-11,,2024-12-20
DOC-01740,EMP-0813,I-9,Complete,2018-10-13,2018-10-11,,2026-01-07
DOC-01741,EMP-0814,Offer Letter,Complete,2022-12-18,2022-12-22,,2024-09-12
DOC-01742,EMP-0814,I-9,Complete,2022-12-23,2022-12-22,,2023-05-21
DOC-01743,EMP-0815,Offer Letter,Complete,2016-08-25,2016-08-27,,2022-02-17
DOC-01744,EMP-0815,I-9,Complete,2016-08-30,2016-08-27,,2018-10-11
DOC-01745,EMP-0816,Offer Letter,Complete,2018-07-05,2018-07-15,,2019-04-02
DOC-01746,EMP-0816,I-9,Complete,2018-07-18,2018-07-15,,2021-01-14
DOC-01747,EMP-0817,Offer Letter,Complete,2021-12-31,2022-01-09,,2025-02-25
DOC-01748,EMP-0817,I-9,Complete,2022-01-10,2022-01-09,,2025-05-13
DOC-01749,EMP-0817,Offboarding Form,Complete,2025-12-03,2025-12-03,,2026-08-29
DOC-01750,EMP-0818,Offer Letter,Complete,2024-02-26,2024-02-27,,2024-12-16
DOC-01751,EMP-0818,I-9,Complete,2024-02-29,2024-02-27,,2024-12-04
DOC-01752,EMP-0819,Offer Letter,Complete,2021-07-16,2021-07-21,,2024-01-14
DOC-01753,EMP-0819,I-9,Complete,2021-07-21,2021-07-21,,2025-09-24
DOC-01754,EMP-0820,Offer Letter,Complete,2019-01-22,2019-01-30,,2025-07-08
DOC-01755,EMP-0820,I-9,Complete,2019-01-30,2019-01-30,,2023-02-01
DOC-01756,EMP-0821,Offer Letter,Complete,2016-07-08,2016-07-16,,2020-08-19
DOC-01757,EMP-0821,I-9,Complete,2016-07-16,2016-07-16,,2025-01-28
DOC-01758,EMP-0822,Offer Letter,Complete,2018-06-07,2018-06-16,,2018-08-24
DOC-01759,EMP-0822,I-9,Complete,2018-06-16,2018-06-16,,2020-09-03
DOC-01760,EMP-0823,Offer Letter,Complete,2022-01-24,2022-02-01,,2022-05-11
DOC-01761,EMP-0823,I-9,Complete,2022-02-04,2022-02-01,,2026-07-03
DOC-01762,EMP-0824,Offer Letter,Complete,2025-03-01,2025-03-08,,2025-09-30
DOC-01763,EMP-0824,I-9,Complete,2025-03-10,2025-03-08,,2025-12-06
DOC-01764,EMP-0824,Offboarding Form,Complete,2026-06-21,2026-06-21,,2026-08-29
DOC-01765,EMP-0825,Offer Letter,Complete,2025-11-29,2025-12-03,,2026-03-14
DOC-01766,EMP-0825,I-9,Complete,2025-12-03,2025-12-03,,2026-03-18
DOC-01767,EMP-0826,Offer Letter,Complete,2026-03-30,2026-04-02,,2026-08-24
DOC-01768,EMP-0826,I-9,Complete,2026-04-03,2026-04-02,,2026-06-20
DOC-01769,EMP-0827,Offer Letter,Complete,2023-10-15,2023-10-22,,2025-08-30
DOC-01770,EMP-0827,I-9,Complete,2023-10-23,2023-10-22,,2025-06-24
DOC-01771,EMP-0828,Offer Letter,Complete,2021-08-22,2021-08-28,,2026-03-10
DOC-01772,EMP-0828,I-9,Complete,2021-08-29,2021-08-28,,2022-10-29
DOC-01773,EMP-0828,Offboarding Form,Complete,2024-04-29,2024-04-29,,2026-08-29
DOC-01774,EMP-0829,Offer Letter,Complete,2018-07-04,2018-07-05,,2018-10-28
DOC-01775,EMP-0829,I-9,Complete,2018-07-07,2018-07-05,,2020-08-16
DOC-01776,EMP-0830,Offer Letter,Complete,2020-06-05,2020-06-07,,2023-05-02
DOC-01777,EMP-0830,I-9,Complete,2020-06-08,2020-06-07,,2025-06-23
DOC-01778,EMP-0831,Offer Letter,Complete,2023-03-20,2023-03-20,,2025-07-11
DOC-01779,EMP-0831,I-9,Complete,2023-03-20,2023-03-20,,2025-09-16
DOC-01780,EMP-0832,Offer Letter,Complete,2025-09-06,2025-09-15,,2026-02-03
DOC-01781,EMP-0832,I-9,Complete,2025-09-15,2025-09-15,,2026-02-24
DOC-01782,EMP-0833,Offer Letter,Complete,2019-01-21,2019-01-24,,2020-11-29
DOC-01783,EMP-0833,I-9,Complete,2019-01-25,2019-01-24,,2022-04-13
DOC-01784,EMP-0834,Offer Letter,Complete,2021-07-14,2021-07-19,,2022-07-20
DOC-01785,EMP-0834,I-9,Complete,2021-07-19,2021-07-19,,2024-01-23
DOC-01786,EMP-0835,Offer Letter,Complete,2018-11-10,2018-11-19,,2022-01-13
DOC-01787,EMP-0835,I-9,Complete,2018-11-20,2018-11-19,,2022-08-08
DOC-01788,EMP-0836,Offer Letter,Complete,2019-03-06,2019-03-12,,2021-02-15
DOC-01789,EMP-0836,I-9,Complete,2019-03-13,2019-03-12,,2023-07-25
DOC-01790,EMP-0837,Offer Letter,Complete,2016-04-10,2016-04-12,,2025-01-22
DOC-01791,EMP-0837,I-9,Complete,2016-04-14,2016-04-12,,2017-01-12
DOC-01792,EMP-0838,Offer Letter,Complete,2019-12-11,2019-12-21,,2023-03-19
DOC-01793,EMP-0838,I-9,Complete,2019-12-23,2019-12-21,,2020-02-19
DOC-01794,EMP-0839,Offer Letter,Complete,2018-07-18,2018-07-28,,2023-06-11
DOC-01795,EMP-0839,I-9,Complete,2018-07-31,2018-07-28,,2025-06-10
DOC-01796,EMP-0840,Offer Letter,Complete,2017-02-10,2017-02-16,,2023-01-31
DOC-01797,EMP-0840,I-9,Complete,2017-02-18,2017-02-16,,2020-06-25
DOC-01798,EMP-0841,Offer Letter,Complete,2023-09-05,2023-09-13,,2024-05-19
DOC-01799,EMP-0841,I-9,Complete,2023-09-13,2023-09-13,,2026-01-27
DOC-01800,EMP-0841,Offboarding Form,Complete,2026-04-27,2026-04-27,,2026-08-29
DOC-01801,EMP-0842,Offer Letter,Complete,2020-07-12,2020-07-13,,2020-08-13
DOC-01802,EMP-0842,I-9,Complete,2020-07-14,2020-07-13,,2024-03-28
DOC-01803,EMP-0843,Offer Letter,Complete,2019-12-03,2019-12-09,,2022-08-02
DOC-01804,EMP-0843,I-9,Complete,2019-12-10,2019-12-09,,2022-03-05
DOC-01805,EMP-0844,Offer Letter,Complete,2020-09-04,2020-09-08,,2023-08-21
DOC-01806,EMP-0844,I-9,Complete,2020-09-10,2020-09-08,,2023-09-27
DOC-01807,EMP-0845,Offer Letter,Complete,2026-01-31,2026-02-08,,2026-03-19
DOC-01808,EMP-0845,I-9,Complete,2026-02-10,2026-02-08,,2026-07-24
DOC-01809,EMP-0846,Offer Letter,Complete,2021-12-28,2022-01-02,,2023-07-22
DOC-01810,EMP-0846,I-9,Complete,2022-01-04,2022-01-02,,2024-08-24
DOC-01811,EMP-0847,Offer Letter,Complete,2020-01-06,2020-01-12,,2022-02-03
DOC-01812,EMP-0847,I-9,Complete,2020-01-14,2020-01-12,,2022-09-25
DOC-01813,EMP-0848,Offer Letter,Complete,2023-10-22,2023-10-24,,2023-11-08
DOC-01814,EMP-0848,I-9,Complete,2023-10-24,2023-10-24,,2024-12-06
DOC-01815,EMP-0848,Offboarding Form,Complete,2024-10-19,2024-10-19,,2026-08-29
DOC-01816,EMP-0849,Offer Letter,Complete,2026-06-01,2026-06-02,,2026-08-07
DOC-01817,EMP-0849,I-9,Complete,2026-06-04,2026-06-02,,2026-06-22
DOC-01818,EMP-0850,Offer Letter,Complete,2019-07-28,2019-08-06,,2020-05-04
DOC-01819,EMP-0850,I-9,Complete,2019-08-08,2019-08-06,,2025-06-02
DOC-01820,EMP-0851,Offer Letter,Complete,2019-12-03,2019-12-06,,2021-08-08
DOC-01821,EMP-0851,I-9,Complete,2019-12-09,2019-12-06,,2023-08-10
DOC-01822,EMP-0852,Offer Letter,Complete,2019-01-08,2019-01-15,,2025-08-06
DOC-01823,EMP-0852,I-9,Complete,2019-01-18,2019-01-15,,2023-01-03
DOC-01824,EMP-0853,Offer Letter,Complete,2016-12-13,2016-12-20,,2025-03-26
DOC-01825,EMP-0853,I-9,Complete,2016-12-23,2016-12-20,,2020-03-05
DOC-01826,EMP-0854,Offer Letter,Complete,2017-04-01,2017-04-08,,2025-05-27
DOC-01827,EMP-0854,I-9,Complete,2017-04-10,2017-04-08,,2018-05-13
DOC-01828,EMP-0855,Offer Letter,Complete,2026-05-24,2026-06-02,,2026-07-08
DOC-01829,EMP-0855,I-9,Complete,2026-06-04,2026-06-02,,2026-08-19
DOC-01830,EMP-0856,Offer Letter,Complete,2026-05-22,2026-05-27,,2026-07-25
DOC-01831,EMP-0856,I-9,Complete,2026-05-29,2026-05-27,,2026-06-01
DOC-01832,EMP-0857,Offer Letter,Complete,2017-05-30,2017-06-02,,2023-12-27
DOC-01833,EMP-0857,I-9,Complete,2017-06-02,2017-06-02,,2017-11-05
DOC-01834,EMP-0858,Offer Letter,Complete,2020-10-06,2020-10-16,,2025-11-15
DOC-01835,EMP-0858,I-9,Complete,2020-10-19,2020-10-16,,2021-12-26
DOC-01836,EMP-0859,Offer Letter,Complete,2026-01-25,2026-01-31,,2026-04-23
DOC-01837,EMP-0859,I-9,Complete,2026-01-31,2026-01-31,,2026-06-13
DOC-01838,EMP-0860,Offer Letter,Complete,2021-05-02,2021-05-05,,2021-07-01
DOC-01839,EMP-0860,I-9,Complete,2021-05-08,2021-05-05,,2025-06-11
DOC-01840,EMP-0860,Offboarding Form,Complete,2024-08-24,2024-08-24,,2026-08-29
DOC-01841,EMP-0861,Offer Letter,Complete,2016-04-14,2016-04-16,,2016-12-19
DOC-01842,EMP-0861,I-9,Complete,2016-04-17,2016-04-16,,2026-04-06
DOC-01843,EMP-0862,Offer Letter,Complete,2017-12-17,2017-12-18,,2023-04-01
DOC-01844,EMP-0862,I-9,Complete,2017-12-20,2017-12-18,,2026-05-16
DOC-01845,EMP-0863,Offer Letter,Complete,2025-06-05,2025-06-13,,2026-01-16
DOC-01846,EMP-0863,I-9,Complete,2025-06-13,2025-06-13,,2026-03-24
DOC-01847,EMP-0864,Offer Letter,Complete,2018-03-12,2018-03-14,,2020-01-03
DOC-01848,EMP-0864,I-9,Complete,2018-03-14,2018-03-14,,2024-10-24
DOC-01849,EMP-0865,Offer Letter,Complete,2022-03-14,2022-03-14,,2022-10-23
DOC-01850,EMP-0865,I-9,Complete,2022-03-16,2022-03-14,,2025-04-29
DOC-01851,EMP-0866,Offer Letter,Complete,2025-11-17,2025-11-25,,2026-03-14
DOC-01852,EMP-0866,I-9,Complete,2025-11-25,2025-11-25,,2026-06-05
DOC-01853,EMP-0867,Offer Letter,Complete,2018-11-10,2018-11-15,,2023-12-24
DOC-01854,EMP-0867,I-9,Complete,2018-11-16,2018-11-15,,2019-12-22
DOC-01855,EMP-0868,Offer Letter,Complete,2017-02-28,2017-02-28,,2023-12-25
DOC-01856,EMP-0868,I-9,Complete,2017-03-03,2017-02-28,,2021-05-31
DOC-01857,EMP-0869,Offer Letter,Complete,2019-02-17,2019-02-24,,2022-02-24
DOC-01858,EMP-0869,I-9,Complete,2019-02-27,2019-02-24,,2026-02-28
DOC-01859,EMP-0870,Offer Letter,Complete,2017-07-13,2017-07-23,,2025-07-11
DOC-01860,EMP-0870,I-9,Complete,2017-07-26,2017-07-23,,2025-12-09
DOC-01861,EMP-0871,Offer Letter,Complete,2025-10-30,2025-11-01,,2025-12-17
DOC-01862,EMP-0871,I-9,Complete,2025-11-04,2025-11-01,,2025-12-01
DOC-01863,EMP-0872,Offer Letter,Complete,2023-07-21,2023-07-28,,2025-06-06
DOC-01864,EMP-0872,I-9,Complete,2023-07-29,2023-07-28,,2024-09-20
DOC-01865,EMP-0873,Offer Letter,Complete,2020-03-17,2020-03-18,,2022-05-23
DOC-01866,EMP-0873,I-9,Complete,2020-03-20,2020-03-18,,2025-09-07
DOC-01867,EMP-0874,Offer Letter,Complete,2022-07-22,2022-07-25,,2023-04-20
DOC-01868,EMP-0874,I-9,Complete,2022-07-28,2022-07-25,,2026-08-20
DOC-01869,EMP-0875,Offer Letter,Complete,2018-12-29,2018-12-30,,2026-07-13
DOC-01870,EMP-0875,I-9,Complete,2018-12-31,2018-12-30,,2022-12-01
DOC-01871,EMP-0876,Offer Letter,Complete,2022-06-13,2022-06-23,,2024-06-25
DOC-01872,EMP-0876,I-9,Complete,2022-06-24,2022-06-23,,2023-08-22
DOC-01873,EMP-0877,Offer Letter,Complete,2024-06-12,2024-06-13,,2025-02-28
DOC-01874,EMP-0877,I-9,Complete,2024-06-13,2024-06-13,,2026-01-11
DOC-01875,EMP-0878,Offer Letter,Complete,2020-03-20,2020-03-30,,2022-09-17
DOC-01876,EMP-0878,I-9,Complete,2020-04-01,2020-03-30,,2024-08-29
DOC-01877,EMP-0879,Offer Letter,Complete,2023-11-01,2023-11-07,,2025-01-12
DOC-01878,EMP-0879,I-9,Complete,2023-11-09,2023-11-07,,2025-06-01
DOC-01879,EMP-0880,Offer Letter,Complete,2022-08-04,2022-08-04,,2023-07-10
DOC-01880,EMP-0880,I-9,Complete,2022-08-05,2022-08-04,,2024-09-18
DOC-01881,EMP-0881,Offer Letter,Complete,2024-09-14,2024-09-15,,2025-09-27
DOC-01882,EMP-0881,I-9,Complete,2024-09-17,2024-09-15,,2026-02-11
DOC-01883,EMP-0882,Offer Letter,Complete,2024-05-07,2024-05-16,,2024-07-07
DOC-01884,EMP-0882,I-9,Complete,2024-05-16,2024-05-16,,2025-11-21
DOC-01885,EMP-0883,Offer Letter,Complete,2024-03-12,2024-03-16,,2024-06-11
DOC-01886,EMP-0883,I-9,Complete,2024-03-17,2024-03-16,,2024-10-24
DOC-01887,EMP-0884,Offer Letter,Complete,2024-02-07,2024-02-10,,2026-06-15
DOC-01888,EMP-0884,I-9,Complete,2024-02-13,2024-02-10,,2025-12-28
DOC-01889,EMP-0885,Offer Letter,Complete,2025-11-11,2025-11-14,,2026-03-08
DOC-01890,EMP-0885,I-9,Complete,2025-11-17,2025-11-14,,2026-04-26
DOC-01891,EMP-0886,Offer Letter,Complete,2025-09-18,2025-09-24,,2026-04-25
DOC-01892,EMP-0886,I-9,Complete,2025-09-26,2025-09-24,,2026-08-28
DOC-01893,EMP-0887,Offer Letter,Complete,2023-04-29,2023-05-09,,2025-11-11
DOC-01894,EMP-0887,I-9,Complete,2023-05-10,2023-05-09,,2025-01-14
DOC-01895,EMP-0887,Offboarding Form,Complete,2023-07-11,2023-07-11,,2026-08-29
DOC-01896,EMP-0888,Offer Letter,Complete,2020-08-02,2020-08-02,,2021-06-20
DOC-01897,EMP-0888,I-9,Complete,2020-08-02,2020-08-02,,2021-08-19
DOC-01898,EMP-0889,Offer Letter,Complete,2020-07-10,2020-07-16,,2020-12-09
DOC-01899,EMP-0889,I-9,Complete,2020-07-19,2020-07-16,,2024-04-17
DOC-01900,EMP-0889,Offboarding Form,Complete,2021-11-29,2021-11-29,,2026-08-29
DOC-01901,EMP-0890,Offer Letter,Complete,2025-01-16,2025-01-25,,2026-07-10
DOC-01902,EMP-0890,I-9,Complete,2025-01-27,2025-01-25,,2026-08-17
DOC-01903,EMP-0891,Offer Letter,Complete,2016-08-03,2016-08-04,,2022-09-26
DOC-01904,EMP-0891,I-9,Complete,2016-08-06,2016-08-04,,2017-10-24
DOC-01905,EMP-0892,Offer Letter,Complete,2019-01-21,2019-01-30,,2023-05-29
DOC-01906,EMP-0892,I-9,Complete,2019-02-02,2019-01-30,,2026-04-18
DOC-01907,EMP-0893,Offer Letter,Complete,2017-03-21,2017-03-26,,2017-11-19
DOC-01908,EMP-0893,I-9,Complete,2017-03-29,2017-03-26,,2024-05-22
DOC-01909,EMP-0894,Offer Letter,Complete,2019-02-02,2019-02-07,,2021-04-17
DOC-01910,EMP-0894,I-9,Complete,2019-02-07,2019-02-07,,2026-07-23
DOC-01911,EMP-0895,Offer Letter,Complete,2024-10-20,2024-10-26,,2026-03-29
DOC-01912,EMP-0895,I-9,Complete,2024-10-28,2024-10-26,,2025-03-25
DOC-01913,EMP-0896,Offer Letter,Complete,2022-09-20,2022-09-20,,2024-07-24
DOC-01914,EMP-0896,I-9,Complete,2022-09-23,2022-09-20,,2024-10-02
DOC-01915,EMP-0897,Offer Letter,Complete,2016-02-04,2016-02-09,,2017-08-28
DOC-01916,EMP-0897,I-9,Complete,2016-02-10,2016-02-09,,2024-09-17
DOC-01917,EMP-0898,Offer Letter,Complete,2016-11-23,2016-11-25,,2019-06-11
DOC-01918,EMP-0898,I-9,Complete,2016-11-26,2016-11-25,,2023-02-09
DOC-01919,EMP-0899,Offer Letter,Complete,2019-01-31,2019-02-03,,2021-02-10
DOC-01920,EMP-0899,I-9,Complete,2019-02-04,2019-02-03,,2019-09-06
DOC-01921,EMP-0899,Offboarding Form,Complete,2022-12-17,2022-12-17,,2026-08-29
DOC-01922,EMP-0900,Offer Letter,Complete,2026-04-30,2026-05-09,,2026-07-29
DOC-01923,EMP-0900,I-9,Complete,2026-05-11,2026-05-09,,2026-06-09
DOC-01924,EMP-0901,Offer Letter,Complete,2021-04-25,2021-05-03,,2023-10-21
DOC-01925,EMP-0901,I-9,Complete,2021-05-05,2021-05-03,,2022-01-29
DOC-01926,EMP-0902,Offer Letter,Complete,2023-01-28,2023-02-02,,2025-09-05
DOC-01927,EMP-0902,I-9,Complete,2023-02-03,2023-02-02,,2024-11-24
DOC-01928,EMP-0903,Offer Letter,Complete,2025-01-23,2025-02-01,,2026-02-23
DOC-01929,EMP-0903,I-9,Complete,2025-02-04,2025-02-01,,2025-09-09
DOC-01930,EMP-0903,Offboarding Form,Complete,2025-10-19,2025-10-19,,2026-08-29
DOC-01931,EMP-0904,Offer Letter,Complete,2020-06-21,2020-06-30,,2020-07-18
DOC-01932,EMP-0904,I-9,Complete,2020-06-30,2020-06-30,,2024-06-06
DOC-01933,EMP-0905,Offer Letter,Complete,2018-01-10,2018-01-15,,2021-07-22
DOC-01934,EMP-0905,I-9,Complete,2018-01-15,2018-01-15,,2019-11-19
DOC-01935,EMP-0906,Offer Letter,Complete,2019-04-22,2019-04-29,,2024-07-25
DOC-01936,EMP-0906,I-9,Complete,2019-04-29,2019-04-29,,2019-07-04
DOC-01937,EMP-0907,Offer Letter,Complete,2022-11-15,2022-11-19,,2023-11-14
DOC-01938,EMP-0907,I-9,Complete,2022-11-20,2022-11-19,,2024-07-22
DOC-01939,EMP-0908,Offer Letter,Complete,2023-11-01,2023-11-11,,2024-02-04
DOC-01940,EMP-0908,I-9,Complete,2023-11-14,2023-11-11,,2026-02-25
DOC-01941,EMP-0909,Offer Letter,Complete,2024-04-21,2024-04-25,,2025-03-10
DOC-01942,EMP-0909,I-9,Complete,2024-04-27,2024-04-25,,2024-12-26
DOC-01943,EMP-0910,Offer Letter,Complete,2023-02-11,2023-02-15,,2025-01-20
DOC-01944,EMP-0910,I-9,Complete,2023-02-16,2023-02-15,,2025-11-30
DOC-01945,EMP-0911,Offer Letter,Complete,2024-11-11,2024-11-13,,2025-05-28
DOC-01946,EMP-0911,I-9,Complete,2024-11-15,2024-11-13,,2025-06-19
DOC-01947,EMP-0912,Offer Letter,Complete,2018-01-21,2018-01-25,,2020-03-28
DOC-01948,EMP-0912,I-9,Complete,2018-01-27,2018-01-25,,2024-03-10
DOC-01949,EMP-0913,Offer Letter,Complete,2024-07-31,2024-08-08,,2025-12-25
DOC-01950,EMP-0913,I-9,Complete,2024-08-09,2024-08-08,,2025-11-08
DOC-01951,EMP-0914,Offer Letter,Complete,2020-10-02,2020-10-09,,2023-06-26
DOC-01952,EMP-0914,I-9,Complete,2020-10-11,2020-10-09,,2021-08-19
DOC-01953,EMP-0915,Offer Letter,Complete,2017-08-09,2017-08-11,,2025-01-06
DOC-01954,EMP-0915,I-9,Complete,2017-08-13,2017-08-11,,2021-07-18
DOC-01955,EMP-0916,Offer Letter,Complete,2017-07-24,2017-07-24,,2023-07-22
DOC-01956,EMP-0916,I-9,Complete,2017-07-27,2017-07-24,,2023-07-30
DOC-01957,EMP-0917,Offer Letter,Complete,2017-06-13,2017-06-15,,2018-08-06
DOC-01958,EMP-0917,I-9,Complete,2017-06-17,2017-06-15,,2019-10-04
DOC-01959,EMP-0918,Offer Letter,Complete,2019-03-30,2019-04-06,,2022-06-19
DOC-01960,EMP-0918,I-9,Complete,2019-04-06,2019-04-06,,2021-06-28
DOC-01961,EMP-0919,Offer Letter,Complete,2025-04-01,2025-04-04,,2026-08-13
DOC-01962,EMP-0919,I-9,Complete,2025-04-05,2025-04-04,,2025-12-11
DOC-01963,EMP-0919,Offboarding Form,Complete,2026-05-19,2026-05-19,,2026-08-29
DOC-01964,EMP-0920,Offer Letter,Complete,2018-02-04,2018-02-10,,2021-09-02
DOC-01965,EMP-0920,I-9,Complete,2018-02-11,2018-02-10,,2020-06-08
DOC-01966,EMP-0921,Offer Letter,Complete,2022-01-24,2022-01-26,,2024-12-11
DOC-01967,EMP-0921,I-9,Complete,2022-01-28,2022-01-26,,2022-08-26
DOC-01968,EMP-0922,Offer Letter,Complete,2016-10-24,2016-11-02,,2026-04-10
DOC-01969,EMP-0922,I-9,Complete,2016-11-05,2016-11-02,,2017-01-17
DOC-01970,EMP-0923,Offer Letter,Complete,2023-08-08,2023-08-09,,2025-05-02
DOC-01971,EMP-0923,I-9,Complete,2023-08-12,2023-08-09,,2025-12-06
DOC-01972,EMP-0924,Offer Letter,Complete,2023-01-06,2023-01-08,,2026-01-29
DOC-01973,EMP-0924,I-9,Complete,2023-01-11,2023-01-08,,2025-06-11
DOC-01974,EMP-0925,Offer Letter,Complete,2017-05-13,2017-05-16,,2020-04-07
DOC-01975,EMP-0925,I-9,Complete,2017-05-16,2017-05-16,,2022-11-07
DOC-01976,EMP-0926,Offer Letter,Complete,2021-04-21,2021-04-21,,2026-07-20
DOC-01977,EMP-0926,I-9,Complete,2021-04-23,2021-04-21,,2022-11-04
DOC-01978,EMP-0926,Offboarding Form,Complete,2021-10-21,2021-10-21,,2026-08-29
DOC-01979,EMP-0927,Offer Letter,Complete,2018-01-15,2018-01-15,,2019-11-15
DOC-01980,EMP-0927,I-9,Complete,2018-01-17,2018-01-15,,2020-05-20
DOC-01981,EMP-0928,Offer Letter,Complete,2018-09-24,2018-09-24,,2020-09-23
DOC-01982,EMP-0928,I-9,Complete,2018-09-24,2018-09-24,,2023-12-14
DOC-01983,EMP-0929,Offer Letter,Complete,2018-03-24,2018-04-02,,2022-08-21
DOC-01984,EMP-0929,I-9,Complete,2018-04-04,2018-04-02,,2019-08-19
DOC-01985,EMP-0930,Offer Letter,Complete,2018-11-26,2018-11-27,,2019-01-11
DOC-01986,EMP-0930,I-9,Complete,2018-11-29,2018-11-27,,2023-05-04
DOC-01987,EMP-0931,Offer Letter,Complete,2017-03-20,2017-03-27,,2019-09-03
DOC-01988,EMP-0931,I-9,Complete,2017-03-27,2017-03-27,,2020-12-20
DOC-01989,EMP-0932,Offer Letter,Complete,2024-01-05,2024-01-15,,2025-08-06
DOC-01990,EMP-0932,I-9,Complete,2024-01-16,2024-01-15,,2026-06-29
DOC-01991,EMP-0933,Offer Letter,Complete,2025-03-24,2025-03-24,,2026-02-18
DOC-01992,EMP-0933,I-9,Complete,2025-03-25,2025-03-24,,2025-11-06
DOC-01993,EMP-0934,Offer Letter,Complete,2019-03-29,2019-03-29,,2020-11-16
DOC-01994,EMP-0934,I-9,Complete,2019-03-29,2019-03-29,,2025-08-22
DOC-01995,EMP-0935,Offer Letter,Complete,2017-02-02,2017-02-11,,2025-04-07
DOC-01996,EMP-0935,I-9,Complete,2017-02-13,2017-02-11,,2020-05-23
DOC-01997,EMP-0936,Offer Letter,Complete,2022-04-24,2022-04-27,,2024-12-19
DOC-01998,EMP-0936,I-9,Complete,2022-04-27,2022-04-27,,2022-09-14
DOC-01999,EMP-0937,Offer Letter,Complete,2019-01-23,2019-01-26,,2024-08-12
DOC-02000,EMP-0937,I-9,Complete,2019-01-27,2019-01-26,,2023-11-05
DOC-02001,EMP-0938,Offer Letter,Complete,2019-03-16,2019-03-23,,2023-10-13
DOC-02002,EMP-0938,I-9,Complete,2019-03-26,2019-03-23,,2023-08-20
DOC-02003,EMP-0939,Offer Letter,Complete,2026-04-21,2026-04-29,,2026-05-01
DOC-02004,EMP-0939,I-9,Complete,2026-05-01,2026-04-29,,2026-08-22
DOC-02005,EMP-0940,Offer Letter,Complete,2022-03-09,2022-03-18,,2023-02-26
DOC-02006,EMP-0940,I-9,Complete,2022-03-20,2022-03-18,,2024-11-14
DOC-02007,EMP-0941,Offer Letter,Complete,2019-10-07,2019-10-15,,2022-03-24
DOC-02008,EMP-0941,I-9,Complete,2019-10-17,2019-10-15,,2024-05-29
DOC-02009,EMP-0942,Offer Letter,Complete,2020-04-10,2020-04-19,,2023-02-14
DOC-02010,EMP-0942,I-9,Complete,2020-04-19,2020-04-19,,2025-07-07
DOC-02011,EMP-0943,Offer Letter,Complete,2020-08-14,2020-08-24,,2020-12-27
DOC-02012,EMP-0943,I-9,Complete,2020-08-25,2020-08-24,,2024-07-25
DOC-02013,EMP-0944,Offer Letter,Complete,2022-12-30,2023-01-08,,2024-02-17
DOC-02014,EMP-0944,I-9,Complete,2023-01-11,2023-01-08,,2025-02-27
DOC-02015,EMP-0944,Offboarding Form,Complete,2024-03-13,2024-03-13,,2026-08-29
DOC-02016,EMP-0945,Offer Letter,Complete,2022-05-28,2022-06-02,,2022-10-09
DOC-02017,EMP-0945,I-9,Complete,2022-06-02,2022-06-02,,2023-07-04
DOC-02018,EMP-0946,Offer Letter,Complete,2020-04-28,2020-05-05,,2026-08-11
DOC-02019,EMP-0946,I-9,Complete,2020-05-06,2020-05-05,,2024-10-10
DOC-02020,EMP-0947,Offer Letter,Complete,2023-10-23,2023-10-23,,2024-04-21
DOC-02021,EMP-0947,I-9,Complete,2023-10-23,2023-10-23,,2026-01-10
DOC-02022,EMP-0948,Offer Letter,Complete,2022-02-02,2022-02-08,,2026-08-10
DOC-02023,EMP-0948,I-9,Complete,2022-02-09,2022-02-08,,2023-06-20
DOC-02024,EMP-0949,Offer Letter,Complete,2018-08-26,2018-08-29,,2026-07-08
DOC-02025,EMP-0949,I-9,Complete,2018-08-31,2018-08-29,,2021-12-21
DOC-02026,EMP-0950,Offer Letter,Complete,2020-01-16,2020-01-19,,2023-06-18
DOC-02027,EMP-0950,I-9,Complete,2020-01-19,2020-01-19,,2020-11-30
DOC-02028,EMP-0950,Offboarding Form,Complete,2023-06-06,2023-06-06,,2026-08-29
DOC-02029,EMP-0951,Offer Letter,Complete,2025-05-24,2025-05-26,,2025-07-09
DOC-02030,EMP-0951,I-9,Complete,2025-05-29,2025-05-26,,2025-11-13
DOC-02031,EMP-0952,Offer Letter,Complete,2024-09-19,2024-09-20,,2024-11-06
DOC-02032,EMP-0952,I-9,Complete,2024-09-23,2024-09-20,,2024-11-23
DOC-02033,EMP-0953,Offer Letter,Complete,2026-01-30,2026-02-04,,2026-02-15
DOC-02034,EMP-0953,I-9,Complete,2026-02-06,2026-02-04,,2026-03-02
DOC-02035,EMP-0954,Offer Letter,Complete,2016-10-17,2016-10-17,,2021-02-13
DOC-02036,EMP-0954,I-9,Complete,2016-10-19,2016-10-17,,2019-01-29
DOC-02037,EMP-0955,Offer Letter,Complete,2018-12-10,2018-12-17,,2025-04-28
DOC-02038,EMP-0955,I-9,Complete,2018-12-19,2018-12-17,,2019-12-02
DOC-02039,EMP-0955,Offboarding Form,Complete,2021-02-15,2021-02-15,,2026-08-29
DOC-02040,EMP-0956,Offer Letter,Complete,2025-02-08,2025-02-12,,2025-07-18
DOC-02041,EMP-0956,I-9,Complete,2025-02-12,2025-02-12,,2025-07-13
DOC-02042,EMP-0957,Offer Letter,Complete,2025-09-22,2025-09-29,,2026-08-21
DOC-02043,EMP-0957,I-9,Complete,2025-09-30,2025-09-29,,2026-06-26
DOC-02044,EMP-0958,Offer Letter,Complete,2017-11-04,2017-11-10,,2021-11-13
DOC-02045,EMP-0958,I-9,Complete,2017-11-10,2017-11-10,,2017-12-17
DOC-02046,EMP-0958,Offboarding Form,Complete,2022-05-06,2022-05-06,,2026-08-29
DOC-02047,EMP-0959,Offer Letter,Complete,2016-09-23,2016-09-28,,2024-03-09
DOC-02048,EMP-0959,I-9,Complete,2016-10-01,2016-09-28,,2018-08-13
DOC-02049,EMP-0960,Offer Letter,Complete,2021-05-27,2021-06-05,,2025-03-06
DOC-02050,EMP-0960,I-9,Complete,2021-06-06,2021-06-05,,2026-08-01
DOC-02051,EMP-0961,Offer Letter,Complete,2017-01-07,2017-01-07,,2017-10-03
DOC-02052,EMP-0961,I-9,Complete,2017-01-07,2017-01-07,,2020-08-13
DOC-02053,EMP-0962,Offer Letter,Complete,2024-01-17,2024-01-17,,2024-10-03
DOC-02054,EMP-0962,I-9,Complete,2024-01-19,2024-01-17,,2025-04-18
DOC-02055,EMP-0963,Offer Letter,Complete,2021-12-16,2021-12-16,,2022-02-10
DOC-02056,EMP-0963,I-9,Complete,2021-12-18,2021-12-16,,2024-12-08
DOC-02057,EMP-0964,Offer Letter,Complete,2025-01-16,2025-01-25,,2026-07-14
DOC-02058,EMP-0964,I-9,Complete,2025-01-26,2025-01-25,,2026-04-23
DOC-02059,EMP-0965,Offer Letter,Complete,2018-04-10,2018-04-16,,2025-04-05
DOC-02060,EMP-0965,I-9,Complete,2018-04-17,2018-04-16,,2023-10-28
DOC-02061,EMP-0966,Offer Letter,Complete,2023-04-25,2023-05-03,,2025-08-01
DOC-02062,EMP-0966,I-9,Complete,2023-05-05,2023-05-03,,2025-09-14
DOC-02063,EMP-0967,Offer Letter,Complete,2018-06-20,2018-06-22,,2021-07-10
DOC-02064,EMP-0967,I-9,Complete,2018-06-24,2018-06-22,,2023-12-11
DOC-02065,EMP-0968,Offer Letter,Complete,2016-07-15,2016-07-22,,2024-10-05
DOC-02066,EMP-0968,I-9,Complete,2016-07-22,2016-07-22,,2018-10-02
DOC-02067,EMP-0969,Offer Letter,Complete,2023-02-11,2023-02-18,,2024-12-27
DOC-02068,EMP-0969,I-9,Complete,2023-02-21,2023-02-18,,2024-01-03
DOC-02069,EMP-0970,Offer Letter,Complete,2025-12-24,2025-12-29,,2026-03-17
DOC-02070,EMP-0970,I-9,Complete,2025-12-30,2025-12-29,,2026-07-17
DOC-02071,EMP-0970,Offboarding Form,Complete,2026-05-25,2026-05-25,,2026-08-29
DOC-02072,EMP-0971,Offer Letter,Complete,2026-01-09,2026-01-11,,2026-08-04
DOC-02073,EMP-0971,I-9,Complete,2026-01-12,2026-01-11,,2026-05-06
DOC-02074,EMP-0972,Offer Letter,Complete,2025-10-29,2025-11-08,,2026-02-18
DOC-02075,EMP-0972,I-9,Complete,2025-11-09,2025-11-08,,2026-06-02
DOC-02076,EMP-0973,Offer Letter,Complete,2017-12-15,2017-12-16,,2019-07-28
DOC-02077,EMP-0973,I-9,Complete,2017-12-19,2017-12-16,,2021-01-15
DOC-02078,EMP-0974,Offer Letter,Complete,2023-01-30,2023-01-31,,2023-10-30
DOC-02079,EMP-0974,I-9,Complete,2023-02-01,2023-01-31,,2025-07-13
DOC-02080,EMP-0975,Offer Letter,Complete,2020-08-18,2020-08-19,,2021-04-01
DOC-02081,EMP-0975,I-9,Complete,2020-08-22,2020-08-19,,2023-05-29
DOC-02082,EMP-0976,Offer Letter,Complete,2020-05-04,2020-05-09,,2022-01-06
DOC-02083,EMP-0976,I-9,Complete,2020-05-09,2020-05-09,,2020-05-27
DOC-02084,EMP-0977,Offer Letter,Complete,2022-05-14,2022-05-14,,2022-10-15
DOC-02085,EMP-0977,I-9,Complete,2022-05-14,2022-05-14,,2024-09-01
DOC-02086,EMP-0977,Offboarding Form,Complete,2025-05-31,2025-05-31,,2026-08-29
DOC-02087,EMP-0978,Offer Letter,Complete,2025-04-16,2025-04-22,,2025-05-08
DOC-02088,EMP-0978,I-9,Complete,2025-04-22,2025-04-22,,2026-01-20
DOC-02089,EMP-0979,Offer Letter,Complete,2019-10-26,2019-10-30,,2023-04-14
DOC-02090,EMP-0979,I-9,Complete,2019-10-31,2019-10-30,,2024-06-24
DOC-02091,EMP-0979,Offboarding Form,Complete,2021-04-15,2021-04-15,,2026-08-29
DOC-02092,EMP-0980,Offer Letter,Complete,2016-05-09,2016-05-10,,2019-05-18
DOC-02093,EMP-0980,I-9,Complete,2016-05-13,2016-05-10,,2017-04-24
DOC-02094,EMP-0981,Offer Letter,Complete,2017-05-19,2017-05-20,,2024-12-30
DOC-02095,EMP-0981,I-9,Complete,2017-05-20,2017-05-20,,2024-10-28
DOC-02096,EMP-0981,Offboarding Form,Complete,2017-10-15,2017-10-15,,2026-08-29
DOC-02097,EMP-0982,Offer Letter,Complete,2016-04-04,2016-04-07,,2016-04-14
DOC-02098,EMP-0982,I-9,Complete,2016-04-08,2016-04-07,,2017-09-01
DOC-02099,EMP-0982,Offboarding Form,Complete,2020-05-12,2020-05-12,,2026-08-29
DOC-02100,EMP-0983,Offer Letter,Complete,2025-06-25,2025-07-01,,2026-02-03
DOC-02101,EMP-0983,I-9,Complete,2025-07-02,2025-07-01,,2025-10-12
DOC-02102,EMP-0984,Offer Letter,Complete,2020-12-31,2021-01-06,,2026-03-12
DOC-02103,EMP-0984,I-9,Complete,2021-01-06,2021-01-06,,2024-07-29
DOC-02104,EMP-0985,Offer Letter,Complete,2022-06-06,2022-06-08,,2026-08-09
DOC-02105,EMP-0985,I-9,Complete,2022-06-10,2022-06-08,,2024-08-03
DOC-02106,EMP-0986,Offer Letter,Complete,2019-03-17,2019-03-25,,2025-05-02
DOC-02107,EMP-0986,I-9,Complete,2019-03-25,2019-03-25,,2025-09-24
DOC-02108,EMP-0987,Offer Letter,Complete,2016-09-16,2016-09-16,,2026-08-21
DOC-02109,EMP-0987,I-9,Complete,2016-09-16,2016-09-16,,2017-03-31
DOC-02110,EMP-0987,Offboarding Form,Complete,2023-09-22,2023-09-22,,2026-08-29
DOC-02111,EMP-0988,Offer Letter,Complete,2017-10-11,2017-10-20,,2021-02-10
DOC-02112,EMP-0988,I-9,Complete,2017-10-22,2017-10-20,,2020-06-08
DOC-02113,EMP-0989,Offer Letter,Complete,2016-07-01,2016-07-09,,2019-04-24
DOC-02114,EMP-0989,I-9,Complete,2016-07-11,2016-07-09,,2024-09-11
DOC-02115,EMP-0990,Offer Letter,Complete,2022-05-05,2022-05-06,,2026-01-29
DOC-02116,EMP-0990,I-9,Complete,2022-05-06,2022-05-06,,2025-09-20
DOC-02117,EMP-0991,Offer Letter,Complete,2024-04-16,2024-04-23,,2025-06-12
DOC-02118,EMP-0991,I-9,Complete,2024-04-24,2024-04-23,,2026-03-08
DOC-02119,EMP-0992,Offer Letter,Complete,2020-01-07,2020-01-08,,2020-05-21
DOC-02120,EMP-0992,I-9,Complete,2020-01-09,2020-01-08,,2025-03-27
DOC-02121,EMP-0992,Offboarding Form,Complete,2022-10-13,2022-10-13,,2026-08-29
DOC-02122,EMP-0993,Offer Letter,Complete,2025-08-07,2025-08-14,,2026-08-23
DOC-02123,EMP-0993,I-9,Complete,2025-08-17,2025-08-14,,2026-06-25
DOC-02124,EMP-0994,Offer Letter,Complete,2021-08-19,2021-08-27,,2022-07-18
DOC-02125,EMP-0994,I-9,Complete,2021-08-27,2021-08-27,,2026-05-28
DOC-02126,EMP-0995,Offer Letter,Complete,2020-01-18,2020-01-23,,2023-01-02
DOC-02127,EMP-0995,I-9,Complete,2020-01-24,2020-01-23,,2026-07-26
DOC-02128,EMP-0995,Offboarding Form,Complete,2026-08-02,2026-08-02,,2026-08-29
DOC-02129,EMP-0996,Offer Letter,Complete,2016-10-03,2016-10-12,,2019-06-28
DOC-02130,EMP-0996,I-9,Complete,2016-10-14,2016-10-12,,2022-10-04
DOC-02131,EMP-0997,Offer Letter,Complete,2017-09-24,2017-10-03,,2018-05-26
DOC-02132,EMP-0997,I-9,Complete,2017-10-04,2017-10-03,,2025-10-01
DOC-02133,EMP-0998,Offer Letter,Complete,2019-01-27,2019-01-28,,2021-02-19
DOC-02134,EMP-0998,I-9,Complete,2019-01-29,2019-01-28,,2023-03-29
DOC-02135,EMP-0999,Offer Letter,Complete,2019-05-26,2019-05-28,,2023-02-11
DOC-02136,EMP-0999,I-9,Complete,2019-05-29,2019-05-28,,2025-04-25
DOC-02137,EMP-1000,Offer Letter,Complete,2019-12-03,2019-12-06,,2021-11-07
DOC-02138,EMP-1000,I-9,Complete,2019-12-08,2019-12-06,,2024-08-02
